任务ID,类别,槽位ID,任务类型,蓝图名称,产物,数量,开始时间(天),实际结束时间(天),交付时间(天),总时间(秒),实际结束时间(秒),交付时间(秒),合并任务数,价值(ISK)
0,manufacturing,0,manufacturing,定相等离子弹蓝图 L,定相等离子弹 L,96,0.0,1.0,2.0,86400.0,86400.0,172800.0,0,0
0,manufacturing,1,manufacturing,定相等离子弹蓝图 L,定相等离子弹 L,96,0.0,1.0,2.0,86400.0,86400.0,172800.0,0,0
0,manufacturing,2,manufacturing,定相等离子弹蓝图 L,定相等离子弹 L,96,0.0,1.0,2.0,86400.0,86400.0,172800.0,0,0
0,manufacturing,3,manufacturing,定相等离子弹蓝图 L,定相等离子弹 L,96,0.0,1.0,2.0,86400.0,86400.0,172800.0,0,0
0,manufacturing,4,manufacturing,定相等离子弹蓝图 L,定相等离子弹 L,96,0.0,1.0,2.0,86400.0,86400.0,172800.0,0,0
0,manufacturing,5,manufacturing,定相等离子弹蓝图 L,定相等离子弹 L,96,0.0,1.0,2.0,86400.0,86400.0,172800.0,0,0
0,manufacturing,6,manufacturing,定相等离子弹蓝图 L,定相等离子弹 L,96,0.0,1.0,2.0,86400.0,86400.0,172800.0,0,0
0,manufacturing,7,manufacturing,定相等离子弹蓝图 L,定相等离子弹 L,96,0.0,1.0,2.0,86400.0,86400.0,172800.0,0,0
0,manufacturing,8,manufacturing,定相等离子弹蓝图 L,定相等离子弹 L,96,0.0,1.0,2.0,86400.0,86400.0,172800.0,0,0
4,reaction,0,reaction,菲尔合金反应配方,菲尔合金,8,0.0,1.0,2.0,86400.0,86400.0,172800.0,0,17064.571428571428
5,reaction,1,reaction,陶瓷粉末反应配方,陶瓷粉末,8,0.0,1.0,2.0,86400.0,86400.0,172800.0,0,9069.333333333334
7,reaction,2,reaction,碳聚合物反应配方,碳聚合物,8,0.0,1.0,2.0,86400.0,86400.0,172800.0,0,0
7,reaction,3,reaction,碳聚合物反应配方,碳聚合物,3,0.0,0.375,1.0,32400.0,32400.0,86400.0,0,13047.099999999999
8,reaction,4,reaction,铂锝合金反应配方,铂锝合金,8,0.0,1.0,2.0,86400.0,86400.0,172800.0,0,0
8,reaction,5,reaction,铂锝合金反应配方,铂锝合金,3,0.0,0.375,1.0,32400.0,32400.0,86400.0,0,185130.0
11,reaction,6,reaction,碳聚合物反应配方,碳聚合物,4,0.0,0.5,1.0,43200.0,43200.0,86400.0,0,4744.4
12,reaction,7,reaction,铂锝合金反应配方,铂锝合金,4,0.0,0.5,1.0,43200.0,43200.0,86400.0,0,67320.0
17,reaction,8,reaction,碳聚合物反应配方,碳聚合物,8,0.0,1.0,2.0,86400.0,86400.0,172800.0,0,0
0,manufacturing,0,manufacturing,定相等离子弹蓝图 L,定相等离子弹 L,96,2.0,3.0,4.0,86400.0,259200.0,345600.0,0,0
0,manufacturing,1,manufacturing,定相等离子弹蓝图 L,定相等离子弹 L,96,2.0,3.0,4.0,86400.0,259200.0,345600.0,0,0
0,manufacturing,2,manufacturing,定相等离子弹蓝图 L,定相等离子弹 L,96,2.0,3.0,4.0,86400.0,259200.0,345600.0,0,0
0,manufacturing,3,manufacturing,定相等离子弹蓝图 L,定相等离子弹 L,96,2.0,3.0,4.0,86400.0,259200.0,345600.0,0,0
0,manufacturing,4,manufacturing,定相等离子弹蓝图 L,定相等离子弹 L,96,2.0,3.0,4.0,86400.0,259200.0,345600.0,0,0
0,manufacturing,5,manufacturing,定相等离子弹蓝图 L,定相等离子弹 L,96,2.0,3.0,4.0,86400.0,259200.0,345600.0,0,0
0,manufacturing,6,manufacturing,定相等离子弹蓝图 L,定相等离子弹 L,96,2.0,3.0,4.0,86400.0,259200.0,345600.0,0,0
0,manufacturing,7,manufacturing,定相等离子弹蓝图 L,定相等离子弹 L,96,2.0,3.0,4.0,86400.0,259200.0,345600.0,0,0
0,manufacturing,8,manufacturing,定相等离子弹蓝图 L,定相等离子弹 L,96,2.0,3.0,4.0,86400.0,259200.0,345600.0,0,0
6,reaction,0,reaction,菲尔合金碳化物反应配方,菲尔合金碳化物,8,2.0,3.0,4.0,86400.0,259200.0,345600.0,0,0
6,reaction,1,reaction,菲尔合金碳化物反应配方,菲尔合金碳化物,8,2.0,3.0,4.0,86400.0,259200.0,345600.0,0,1080.32
9,reaction,2,reaction,富勒化合物反应配方,富勒化合物,8,2.0,3.0,4.0,86400.0,259200.0,345600.0,0,0
9,reaction,3,reaction,富勒化合物反应配方,富勒化合物,8,2.0,3.0,4.0,86400.0,259200.0,345600.0,0,0
9,reaction,4,reaction,富勒化合物反应配方,富勒化合物,6,2.0,2.75,3.0,64800.0,237600.0,259200.0,0,16599.73333333333
13,reaction,5,reaction,富勒化合物反应配方,富勒化合物,7,2.0,2.875,3.0,75600.0,248400.0,259200.0,0,5281.733333333333
17,reaction,6,reaction,碳聚合物反应配方,碳聚合物,8,2.0,3.0,4.0,86400.0,259200.0,345600.0,0,0
17,reaction,7,reaction,碳聚合物反应配方,碳聚合物,8,2.0,3.0,4.0,86400.0,259200.0,345600.0,0,0
17,reaction,8,reaction,碳聚合物反应配方,碳聚合物,8,2.0,3.0,4.0,86400.0,259200.0,345600.0,0,0
0,manufacturing,0,manufacturing,定相等离子弹蓝图 L,定相等离子弹 L,96,4.0,5.0,6.0,86400.0,432000.0,518400.0,0,0
0,manufacturing,1,manufacturing,定相等离子弹蓝图 L,定相等离子弹 L,96,4.0,5.0,6.0,86400.0,432000.0,518400.0,0,0
0,manufacturing,2,manufacturing,定相等离子弹蓝图 L,定相等离子弹 L,96,4.0,5.0,6.0,86400.0,432000.0,518400.0,0,0
0,manufacturing,3,manufacturing,定相等离子弹蓝图 L,定相等离子弹 L,96,4.0,5.0,6.0,86400.0,432000.0,518400.0,0,0
0,manufacturing,4,manufacturing,定相等离子弹蓝图 L,定相等离子弹 L,96,4.0,5.0,6.0,86400.0,432000.0,518400.0,0,0
0,manufacturing,5,manufacturing,定相等离子弹蓝图 L,定相等离子弹 L,96,4.0,5.0,6.0,86400.0,432000.0,518400.0,0,0
0,manufacturing,6,manufacturing,定相等离子弹蓝图 L,定相等离子弹 L,96,4.0,5.0,6.0,86400.0,432000.0,518400.0,0,0
0,manufacturing,7,manufacturing,定相等离子弹蓝图 L,定相等离子弹 L,96,4.0,5.0,6.0,86400.0,432000.0,518400.0,0,0
0,manufacturing,8,manufacturing,定相等离子弹蓝图 L,定相等离子弹 L,96,4.0,5.0,6.0,86400.0,432000.0,518400.0,0,0
17,reaction,0,reaction,碳聚合物反应配方,碳聚合物,8,4.0,5.0,6.0,86400.0,432000.0,518400.0,0,0
17,reaction,1,reaction,碳聚合物反应配方,碳聚合物,8,4.0,5.0,6.0,86400.0,432000.0,518400.0,0,0
17,reaction,2,reaction,碳聚合物反应配方,碳聚合物,8,4.0,5.0,6.0,86400.0,432000.0,518400.0,0,0
17,reaction,3,reaction,碳聚合物反应配方,碳聚合物,8,4.0,5.0,6.0,86400.0,432000.0,518400.0,0,0
17,reaction,4,reaction,碳聚合物反应配方,碳聚合物,8,4.0,5.0,6.0,86400.0,432000.0,518400.0,0,0
17,reaction,5,reaction,碳聚合物反应配方,碳聚合物,8,4.0,5.0,6.0,86400.0,432000.0,518400.0,0,0
17,reaction,6,reaction,碳聚合物反应配方,碳聚合物,8,4.0,5.0,6.0,86400.0,432000.0,518400.0,0,0
17,reaction,7,reaction,碳聚合物反应配方,碳聚合物,8,4.0,5.0,6.0,86400.0,432000.0,518400.0,0,0
17,reaction,8,reaction,碳聚合物反应配方,碳聚合物,8,4.0,5.0,6.0,86400.0,432000.0,518400.0,0,0
0,manufacturing,0,manufacturing,定相等离子弹蓝图 L,定相等离子弹 L,96,6.0,7.0,8.0,86400.0,604800.0,691200.0,0,0
0,manufacturing,1,manufacturing,定相等离子弹蓝图 L,定相等离子弹 L,96,6.0,7.0,8.0,86400.0,604800.0,691200.0,0,0
0,manufacturing,2,manufacturing,定相等离子弹蓝图 L,定相等离子弹 L,96,6.0,7.0,8.0,86400.0,604800.0,691200.0,0,0
0,manufacturing,3,manufacturing,定相等离子弹蓝图 L,定相等离子弹 L,96,6.0,7.0,8.0,86400.0,604800.0,691200.0,0,0
0,manufacturing,4,manufacturing,定相等离子弹蓝图 L,定相等离子弹 L,96,6.0,7.0,8.0,86400.0,604800.0,691200.0,0,0
0,manufacturing,5,manufacturing,定相等离子弹蓝图 L,定相等离子弹 L,96,6.0,7.0,8.0,86400.0,604800.0,691200.0,0,0
0,manufacturing,6,manufacturing,定相等离子弹蓝图 L,定相等离子弹 L,96,6.0,7.0,8.0,86400.0,604800.0,691200.0,0,0
0,manufacturing,7,manufacturing,定相等离子弹蓝图 L,定相等离子弹 L,96,6.0,7.0,8.0,86400.0,604800.0,691200.0,0,0
0,manufacturing,8,manufacturing,定相等离子弹蓝图 L,定相等离子弹 L,96,6.0,7.0,8.0,86400.0,604800.0,691200.0,0,0
17,reaction,0,reaction,碳聚合物反应配方,碳聚合物,8,6.0,7.0,8.0,86400.0,604800.0,691200.0,0,0
17,reaction,1,reaction,碳聚合物反应配方,碳聚合物,8,6.0,7.0,8.0,86400.0,604800.0,691200.0,0,0
17,reaction,2,reaction,碳聚合物反应配方,碳聚合物,8,6.0,7.0,8.0,86400.0,604800.0,691200.0,0,0
17,reaction,3,reaction,碳聚合物反应配方,碳聚合物,8,6.0,7.0,8.0,86400.0,604800.0,691200.0,0,0
17,reaction,4,reaction,碳聚合物反应配方,碳聚合物,8,6.0,7.0,8.0,86400.0,604800.0,691200.0,0,0
17,reaction,5,reaction,碳聚合物反应配方,碳聚合物,8,6.0,7.0,8.0,86400.0,604800.0,691200.0,0,0
17,reaction,6,reaction,碳聚合物反应配方,碳聚合物,8,6.0,7.0,8.0,86400.0,604800.0,691200.0,0,0
17,reaction,7,reaction,碳聚合物反应配方,碳聚合物,8,6.0,7.0,8.0,86400.0,604800.0,691200.0,0,0
17,reaction,8,reaction,碳聚合物反应配方,碳聚合物,8,6.0,7.0,8.0,86400.0,604800.0,691200.0,0,0
0,manufacturing,0,manufacturing,定相等离子弹蓝图 L,定相等离子弹 L,96,8.0,9.0,10.0,86400.0,777600.0,864000.0,0,0
0,manufacturing,1,manufacturing,定相等离子弹蓝图 L,定相等离子弹 L,96,8.0,9.0,10.0,86400.0,777600.0,864000.0,0,0
0,manufacturing,2,manufacturing,定相等离子弹蓝图 L,定相等离子弹 L,96,8.0,9.0,10.0,86400.0,777600.0,864000.0,0,0
0,manufacturing,3,manufacturing,定相等离子弹蓝图 L,定相等离子弹 L,96,8.0,9.0,10.0,86400.0,777600.0,864000.0,0,0
0,manufacturing,4,manufacturing,定相等离子弹蓝图 L,定相等离子弹 L,96,8.0,9.0,10.0,86400.0,777600.0,864000.0,0,0
0,manufacturing,5,manufacturing,定相等离子弹蓝图 L,定相等离子弹 L,96,8.0,9.0,10.0,86400.0,777600.0,864000.0,0,0
0,manufacturing,6,manufacturing,定相等离子弹蓝图 L,定相等离子弹 L,96,8.0,9.0,10.0,86400.0,777600.0,864000.0,0,0
0,manufacturing,7,manufacturing,定相等离子弹蓝图 L,定相等离子弹 L,96,8.0,9.0,10.0,86400.0,777600.0,864000.0,0,0
0,manufacturing,8,manufacturing,定相等离子弹蓝图 L,定相等离子弹 L,96,8.0,9.0,10.0,86400.0,777600.0,864000.0,0,0
17,reaction,0,reaction,碳聚合物反应配方,碳聚合物,8,8.0,9.0,10.0,86400.0,777600.0,864000.0,0,0
17,reaction,1,reaction,碳聚合物反应配方,碳聚合物,8,8.0,9.0,10.0,86400.0,777600.0,864000.0,0,0
17,reaction,2,reaction,碳聚合物反应配方,碳聚合物,8,8.0,9.0,10.0,86400.0,777600.0,864000.0,0,0
17,reaction,3,reaction,碳聚合物反应配方,碳聚合物,8,8.0,9.0,10.0,86400.0,777600.0,864000.0,0,0
17,reaction,4,reaction,碳聚合物反应配方,碳聚合物,8,8.0,9.0,10.0,86400.0,777600.0,864000.0,0,0
17,reaction,5,reaction,碳聚合物反应配方,碳聚合物,8,8.0,9.0,10.0,86400.0,777600.0,864000.0,0,0
17,reaction,6,reaction,碳聚合物反应配方,碳聚合物,8,8.0,9.0,10.0,86400.0,777600.0,864000.0,0,0
17,reaction,7,reaction,碳聚合物反应配方,碳聚合物,8,8.0,9.0,10.0,86400.0,777600.0,864000.0,0,0
17,reaction,8,reaction,碳聚合物反应配方,碳聚合物,8,8.0,9.0,10.0,86400.0,777600.0,864000.0,0,0
0,manufacturing,0,manufacturing,定相等离子弹蓝图 L,定相等离子弹 L,96,10.0,11.0,12.0,86400.0,950400.0,1036800.0,0,0
0,manufacturing,1,manufacturing,定相等离子弹蓝图 L,定相等离子弹 L,96,10.0,11.0,12.0,86400.0,950400.0,1036800.0,0,0
0,manufacturing,2,manufacturing,定相等离子弹蓝图 L,定相等离子弹 L,96,10.0,11.0,12.0,86400.0,950400.0,1036800.0,0,0
0,manufacturing,3,manufacturing,定相等离子弹蓝图 L,定相等离子弹 L,96,10.0,11.0,12.0,86400.0,950400.0,1036800.0,0,0
0,manufacturing,4,manufacturing,定相等离子弹蓝图 L,定相等离子弹 L,96,10.0,11.0,12.0,86400.0,950400.0,1036800.0,0,0
0,manufacturing,5,manufacturing,定相等离子弹蓝图 L,定相等离子弹 L,96,10.0,11.0,12.0,86400.0,950400.0,1036800.0,0,0
0,manufacturing,6,manufacturing,定相等离子弹蓝图 L,定相等离子弹 L,96,10.0,11.0,12.0,86400.0,950400.0,1036800.0,0,0
0,manufacturing,7,manufacturing,定相等离子弹蓝图 L,定相等离子弹 L,96,10.0,11.0,12.0,86400.0,950400.0,1036800.0,0,0
0,manufacturing,8,manufacturing,定相等离子弹蓝图 L,定相等离子弹 L,96,10.0,11.0,12.0,86400.0,950400.0,1036800.0,0,0
17,reaction,0,reaction,碳聚合物反应配方,碳聚合物,8,10.0,11.0,12.0,86400.0,950400.0,1036800.0,0,0
17,reaction,1,reaction,碳聚合物反应配方,碳聚合物,6,10.0,10.75,11.0,64800.0,928800.0,950400.0,0,310758.19999999995
23,reaction,2,reaction,微晶合金反应配方,微晶合金,8,10.0,11.0,12.0,86400.0,950400.0,1036800.0,0,0
23,reaction,3,reaction,微晶合金反应配方,微晶合金,8,10.0,11.0,12.0,86400.0,950400.0,1036800.0,0,0
23,reaction,4,reaction,微晶合金反应配方,微晶合金,8,10.0,11.0,12.0,86400.0,950400.0,1036800.0,0,0
23,reaction,5,reaction,微晶合金反应配方,微晶合金,8,10.0,11.0,12.0,86400.0,950400.0,1036800.0,0,0
23,reaction,6,reaction,微晶合金反应配方,微晶合金,8,10.0,11.0,12.0,86400.0,950400.0,1036800.0,0,0
23,reaction,7,reaction,微晶合金反应配方,微晶合金,8,10.0,11.0,12.0,86400.0,950400.0,1036800.0,0,0
23,reaction,8,reaction,微晶合金反应配方,微晶合金,8,10.0,11.0,12.0,86400.0,950400.0,1036800.0,0,0
0,manufacturing,0,manufacturing,定相等离子弹蓝图 L,定相等离子弹 L,96,12.0,13.0,14.0,86400.0,1123200.0,1209600.0,0,0
0,manufacturing,1,manufacturing,定相等离子弹蓝图 L,定相等离子弹 L,96,12.0,13.0,14.0,86400.0,1123200.0,1209600.0,0,0
0,manufacturing,2,manufacturing,定相等离子弹蓝图 L,定相等离子弹 L,96,12.0,13.0,14.0,86400.0,1123200.0,1209600.0,0,0
0,manufacturing,3,manufacturing,定相等离子弹蓝图 L,定相等离子弹 L,96,12.0,13.0,14.0,86400.0,1123200.0,1209600.0,0,0
0,manufacturing,4,manufacturing,定相等离子弹蓝图 L,定相等离子弹 L,96,12.0,13.0,14.0,86400.0,1123200.0,1209600.0,0,0
0,manufacturing,5,manufacturing,定相等离子弹蓝图 L,定相等离子弹 L,47,12.0,12.489583333333334,13.0,42300.0,1079100.0,1123200.0,0,1120946.9214285715
1,manufacturing,6,manufacturing,标准晶体蓝图 L,标准晶体 L,96,12.0,13.0,14.0,86400.0,1123200.0,1209600.0,0,0
1,manufacturing,7,manufacturing,标准晶体蓝图 L,标准晶体 L,96,12.0,13.0,14.0,86400.0,1123200.0,1209600.0,0,0
1,manufacturing,8,manufacturing,标准晶体蓝图 L,标准晶体 L,96,12.0,13.0,14.0,86400.0,1123200.0,1209600.0,0,0
23,reaction,0,reaction,微晶合金反应配方,微晶合金,8,12.0,13.0,14.0,86400.0,1123200.0,1209600.0,0,0
23,reaction,1,reaction,微晶合金反应配方,微晶合金,4,12.0,12.5,13.0,43200.0,1080000.0,1123200.0,0,297271.71428571426
24,reaction,2,reaction,碳聚合物反应配方,碳聚合物,8,12.0,13.0,14.0,86400.0,1123200.0,1209600.0,0,0
24,reaction,3,reaction,碳聚合物反应配方,碳聚合物,8,12.0,13.0,14.0,86400.0,1123200.0,1209600.0,0,0
24,reaction,4,reaction,碳聚合物反应配方,碳聚合物,8,12.0,13.0,14.0,86400.0,1123200.0,1209600.0,0,0
24,reaction,5,reaction,碳聚合物反应配方,碳聚合物,8,12.0,13.0,14.0,86400.0,1123200.0,1209600.0,0,0
24,reaction,6,reaction,碳聚合物反应配方,碳聚合物,8,12.0,13.0,14.0,86400.0,1123200.0,1209600.0,0,0
24,reaction,7,reaction,碳聚合物反应配方,碳聚合物,8,12.0,13.0,14.0,86400.0,1123200.0,1209600.0,0,0
24,reaction,8,reaction,碳聚合物反应配方,碳聚合物,8,12.0,13.0,14.0,86400.0,1123200.0,1209600.0,0,0
1,manufacturing,0,manufacturing,标准晶体蓝图 L,标准晶体 L,96,14.0,15.0,16.0,86400.0,1296000.0,1382400.0,0,0
1,manufacturing,1,manufacturing,标准晶体蓝图 L,标准晶体 L,96,14.0,15.0,16.0,86400.0,1296000.0,1382400.0,0,0
1,manufacturing,2,manufacturing,标准晶体蓝图 L,标准晶体 L,96,14.0,15.0,16.0,86400.0,1296000.0,1382400.0,0,0
1,manufacturing,3,manufacturing,标准晶体蓝图 L,标准晶体 L,96,14.0,15.0,16.0,86400.0,1296000.0,1382400.0,0,0
1,manufacturing,4,manufacturing,标准晶体蓝图 L,标准晶体 L,96,14.0,15.0,16.0,86400.0,1296000.0,1382400.0,0,0
1,manufacturing,5,manufacturing,标准晶体蓝图 L,标准晶体 L,96,14.0,15.0,16.0,86400.0,1296000.0,1382400.0,0,0
1,manufacturing,6,manufacturing,标准晶体蓝图 L,标准晶体 L,96,14.0,15.0,16.0,86400.0,1296000.0,1382400.0,0,0
1,manufacturing,7,manufacturing,标准晶体蓝图 L,标准晶体 L,96,14.0,15.0,16.0,86400.0,1296000.0,1382400.0,0,0
1,manufacturing,8,manufacturing,标准晶体蓝图 L,标准晶体 L,96,14.0,15.0,16.0,86400.0,1296000.0,1382400.0,0,0
24,reaction,0,reaction,碳聚合物反应配方,碳聚合物,8,14.0,15.0,16.0,86400.0,1296000.0,1382400.0,0,0
24,reaction,1,reaction,碳聚合物反应配方,碳聚合物,4,14.0,14.5,15.0,43200.0,1252800.0,1296000.0,0,80654.79999999999
26,reaction,2,reaction,菲尔合金反应配方,菲尔合金,8,14.0,15.0,16.0,86400.0,1296000.0,1382400.0,0,0
26,reaction,3,reaction,菲尔合金反应配方,菲尔合金,8,14.0,15.0,16.0,86400.0,1296000.0,1382400.0,0,0
26,reaction,4,reaction,菲尔合金反应配方,菲尔合金,8,14.0,15.0,16.0,86400.0,1296000.0,1382400.0,0,0
26,reaction,5,reaction,菲尔合金反应配方,菲尔合金,8,14.0,15.0,16.0,86400.0,1296000.0,1382400.0,0,0
26,reaction,6,reaction,菲尔合金反应配方,菲尔合金,8,14.0,15.0,16.0,86400.0,1296000.0,1382400.0,0,0
26,reaction,7,reaction,菲尔合金反应配方,菲尔合金,8,14.0,15.0,16.0,86400.0,1296000.0,1382400.0,0,0
26,reaction,8,reaction,菲尔合金反应配方,菲尔合金,8,14.0,15.0,16.0,86400.0,1296000.0,1382400.0,0,0
1,manufacturing,0,manufacturing,标准晶体蓝图 L,标准晶体 L,96,16.0,17.0,18.0,86400.0,1468800.0,1555200.0,0,0
1,manufacturing,1,manufacturing,标准晶体蓝图 L,标准晶体 L,96,16.0,17.0,18.0,86400.0,1468800.0,1555200.0,0,0
1,manufacturing,2,manufacturing,标准晶体蓝图 L,标准晶体 L,96,16.0,17.0,18.0,86400.0,1468800.0,1555200.0,0,0
1,manufacturing,3,manufacturing,标准晶体蓝图 L,标准晶体 L,96,16.0,17.0,18.0,86400.0,1468800.0,1555200.0,0,0
1,manufacturing,4,manufacturing,标准晶体蓝图 L,标准晶体 L,13,16.0,16.135416666666668,17.0,11700.0,1394100.0,1468800.0,0,63593334.44444445
2,manufacturing,5,manufacturing,小型处理器超频组件蓝图 I,小型处理器超频组件 I,57,16.0,16.989583333333332,17.0,85500.0,1467900.0,1468800.0,0,0
2,manufacturing,6,manufacturing,小型处理器超频组件蓝图 I,小型处理器超频组件 I,57,16.0,16.989583333333332,17.0,85500.0,1467900.0,1468800.0,0,0
2,manufacturing,7,manufacturing,小型处理器超频组件蓝图 I,小型处理器超频组件 I,57,16.0,16.989583333333332,17.0,85500.0,1467900.0,1468800.0,0,0
2,manufacturing,8,manufacturing,小型处理器超频组件蓝图 I,小型处理器超频组件 I,57,16.0,16.989583333333332,17.0,85500.0,1467900.0,1468800.0,0,0
25,reaction,0,reaction,碳化晶体反应配方,碳化晶体,8,16.0,17.0,18.0,86400.0,1468800.0,1555200.0,0,0
25,reaction,1,reaction,碳化晶体反应配方,碳化晶体,8,16.0,17.0,18.0,86400.0,1468800.0,1555200.0,0,0
25,reaction,2,reaction,碳化晶体反应配方,碳化晶体,8,16.0,17.0,18.0,86400.0,1468800.0,1555200.0,0,0
25,reaction,3,reaction,碳化晶体反应配方,碳化晶体,8,16.0,17.0,18.0,86400.0,1468800.0,1555200.0,0,0
25,reaction,4,reaction,碳化晶体反应配方,碳化晶体,8,16.0,17.0,18.0,86400.0,1468800.0,1555200.0,0,0
25,reaction,5,reaction,碳化晶体反应配方,碳化晶体,8,16.0,17.0,18.0,86400.0,1468800.0,1555200.0,0,0
25,reaction,6,reaction,碳化晶体反应配方,碳化晶体,8,16.0,17.0,18.0,86400.0,1468800.0,1555200.0,0,0
25,reaction,7,reaction,碳化晶体反应配方,碳化晶体,8,16.0,17.0,18.0,86400.0,1468800.0,1555200.0,0,0
25,reaction,8,reaction,碳化晶体反应配方,碳化晶体,8,16.0,17.0,18.0,86400.0,1468800.0,1555200.0,0,0
2,manufacturing,0,manufacturing,小型处理器超频组件蓝图 I,小型处理器超频组件 I,57,18.0,18.989583333333332,19.0,85500.0,1640700.0,1641600.0,0,0
2,manufacturing,1,manufacturing,小型处理器超频组件蓝图 I,小型处理器超频组件 I,57,18.0,18.989583333333332,19.0,85500.0,1640700.0,1641600.0,0,0
2,manufacturing,2,manufacturing,小型处理器超频组件蓝图 I,小型处理器超频组件 I,57,18.0,18.989583333333332,19.0,85500.0,1640700.0,1641600.0,0,0
2,manufacturing,3,manufacturing,小型处理器超频组件蓝图 I,小型处理器超频组件 I,57,18.0,18.989583333333332,19.0,85500.0,1640700.0,1641600.0,0,0
2,manufacturing,4,manufacturing,小型处理器超频组件蓝图 I,小型处理器超频组件 I,57,18.0,18.989583333333332,19.0,85500.0,1640700.0,1641600.0,0,0
2,manufacturing,5,manufacturing,小型处理器超频组件蓝图 I,小型处理器超频组件 I,57,18.0,18.989583333333332,19.0,85500.0,1640700.0,1641600.0,0,0
2,manufacturing,6,manufacturing,小型处理器超频组件蓝图 I,小型处理器超频组件 I,57,18.0,18.989583333333332,19.0,85500.0,1640700.0,1641600.0,0,0
2,manufacturing,7,manufacturing,小型处理器超频组件蓝图 I,小型处理器超频组件 I,57,18.0,18.989583333333332,19.0,85500.0,1640700.0,1641600.0,0,0
2,manufacturing,8,manufacturing,小型处理器超频组件蓝图 I,小型处理器超频组件 I,57,18.0,18.989583333333332,19.0,85500.0,1640700.0,1641600.0,0,0
25,reaction,0,reaction,碳化晶体反应配方,碳化晶体,8,18.0,19.0,20.0,86400.0,1641600.0,1728000.0,0,0
25,reaction,1,reaction,碳化晶体反应配方,碳化晶体,8,18.0,19.0,20.0,86400.0,1641600.0,1728000.0,0,0
25,reaction,2,reaction,碳化晶体反应配方,碳化晶体,8,18.0,19.0,20.0,86400.0,1641600.0,1728000.0,0,0
25,reaction,3,reaction,碳化晶体反应配方,碳化晶体,8,18.0,19.0,20.0,86400.0,1641600.0,1728000.0,0,0
25,reaction,4,reaction,碳化晶体反应配方,碳化晶体,8,18.0,19.0,20.0,86400.0,1641600.0,1728000.0,0,0
25,reaction,5,reaction,碳化晶体反应配方,碳化晶体,8,18.0,19.0,20.0,86400.0,1641600.0,1728000.0,0,0
25,reaction,6,reaction,碳化晶体反应配方,碳化晶体,8,18.0,19.0,20.0,86400.0,1641600.0,1728000.0,0,0
25,reaction,7,reaction,碳化晶体反应配方,碳化晶体,8,18.0,19.0,20.0,86400.0,1641600.0,1728000.0,0,11271.388571428572
26,reaction,8,reaction,菲尔合金反应配方,菲尔合金,2,18.0,18.25,19.0,21600.0,1576800.0,1641600.0,0,123718.14285714286
2,manufacturing,0,manufacturing,小型处理器超频组件蓝图 I,小型处理器超频组件 I,57,20.0,20.989583333333332,21.0,85500.0,1813500.0,1814400.0,0,0
2,manufacturing,1,manufacturing,小型处理器超频组件蓝图 I,小型处理器超频组件 I,57,20.0,20.989583333333332,21.0,85500.0,1813500.0,1814400.0,0,0
2,manufacturing,2,manufacturing,小型处理器超频组件蓝图 I,小型处理器超频组件 I,57,20.0,20.989583333333332,21.0,85500.0,1813500.0,1814400.0,0,0
2,manufacturing,3,manufacturing,小型处理器超频组件蓝图 I,小型处理器超频组件 I,57,20.0,20.989583333333332,21.0,85500.0,1813500.0,1814400.0,0,0
2,manufacturing,4,manufacturing,小型处理器超频组件蓝图 I,小型处理器超频组件 I,57,20.0,20.989583333333332,21.0,85500.0,1813500.0,1814400.0,0,0
2,manufacturing,5,manufacturing,小型处理器超频组件蓝图 I,小型处理器超频组件 I,57,20.0,20.989583333333332,21.0,85500.0,1813500.0,1814400.0,0,0
2,manufacturing,6,manufacturing,小型处理器超频组件蓝图 I,小型处理器超频组件 I,57,20.0,20.989583333333332,21.0,85500.0,1813500.0,1814400.0,0,0
2,manufacturing,7,manufacturing,小型处理器超频组件蓝图 I,小型处理器超频组件 I,57,20.0,20.989583333333332,21.0,85500.0,1813500.0,1814400.0,0,0
2,manufacturing,8,manufacturing,小型处理器超频组件蓝图 I,小型处理器超频组件 I,57,20.0,20.989583333333332,21.0,85500.0,1813500.0,1814400.0,0,0
27,reaction,0,reaction,陶瓷粉末反应配方,陶瓷粉末,8,20.0,21.0,22.0,86400.0,1814400.0,1900800.0,0,0
27,reaction,1,reaction,陶瓷粉末反应配方,陶瓷粉末,8,20.0,21.0,22.0,86400.0,1814400.0,1900800.0,0,0
27,reaction,2,reaction,陶瓷粉末反应配方,陶瓷粉末,8,20.0,21.0,22.0,86400.0,1814400.0,1900800.0,0,0
27,reaction,3,reaction,陶瓷粉末反应配方,陶瓷粉末,8,20.0,21.0,22.0,86400.0,1814400.0,1900800.0,0,0
27,reaction,4,reaction,陶瓷粉末反应配方,陶瓷粉末,8,20.0,21.0,22.0,86400.0,1814400.0,1900800.0,0,0
27,reaction,5,reaction,陶瓷粉末反应配方,陶瓷粉末,8,20.0,21.0,22.0,86400.0,1814400.0,1900800.0,0,0
27,reaction,6,reaction,陶瓷粉末反应配方,陶瓷粉末,8,20.0,21.0,22.0,86400.0,1814400.0,1900800.0,0,0
27,reaction,7,reaction,陶瓷粉末反应配方,陶瓷粉末,2,20.0,20.25,21.0,21600.0,1749600.0,1814400.0,0,65752.66666666667
31,reaction,8,reaction,微晶合金反应配方,微晶合金,8,20.0,21.0,22.0,86400.0,1814400.0,1900800.0,0,0
2,manufacturing,0,manufacturing,小型处理器超频组件蓝图 I,小型处理器超频组件 I,57,22.0,22.989583333333332,23.0,85500.0,1986300.0,1987200.0,0,0
2,manufacturing,1,manufacturing,小型处理器超频组件蓝图 I,小型处理器超频组件 I,57,22.0,22.989583333333332,23.0,85500.0,1986300.0,1987200.0,0,0
2,manufacturing,2,manufacturing,小型处理器超频组件蓝图 I,小型处理器超频组件 I,57,22.0,22.989583333333332,23.0,85500.0,1986300.0,1987200.0,0,0
2,manufacturing,3,manufacturing,小型处理器超频组件蓝图 I,小型处理器超频组件 I,57,22.0,22.989583333333332,23.0,85500.0,1986300.0,1987200.0,0,0
2,manufacturing,4,manufacturing,小型处理器超频组件蓝图 I,小型处理器超频组件 I,55,22.0,22.95486111111111,23.0,82500.0,1983299.9999999998,1987200.0,0,148552147.85714287
3,manufacturing,5,manufacturing,280mm榴弹炮蓝图 I,280mm榴弹炮 I,96,22.0,23.0,24.0,86400.0,1987200.0,2073600.0,0,0
3,manufacturing,6,manufacturing,280mm榴弹炮蓝图 I,280mm榴弹炮 I,96,22.0,23.0,24.0,86400.0,1987200.0,2073600.0,0,0
3,manufacturing,7,manufacturing,280mm榴弹炮蓝图 I,280mm榴弹炮 I,96,22.0,23.0,24.0,86400.0,1987200.0,2073600.0,0,0
3,manufacturing,8,manufacturing,280mm榴弹炮蓝图 I,280mm榴弹炮 I,96,22.0,23.0,24.0,86400.0,1987200.0,2073600.0,0,0
28,reaction,0,reaction,菲尔合金碳化物反应配方,菲尔合金碳化物,8,22.0,23.0,24.0,86400.0,1987200.0,2073600.0,0,0
28,reaction,1,reaction,菲尔合金碳化物反应配方,菲尔合金碳化物,8,22.0,23.0,24.0,86400.0,1987200.0,2073600.0,0,0
28,reaction,2,reaction,菲尔合金碳化物反应配方,菲尔合金碳化物,8,22.0,23.0,24.0,86400.0,1987200.0,2073600.0,0,0
28,reaction,3,reaction,菲尔合金碳化物反应配方,菲尔合金碳化物,8,22.0,23.0,24.0,86400.0,1987200.0,2073600.0,0,0
28,reaction,4,reaction,菲尔合金碳化物反应配方,菲尔合金碳化物,8,22.0,23.0,24.0,86400.0,1987200.0,2073600.0,0,0
28,reaction,5,reaction,菲尔合金碳化物反应配方,菲尔合金碳化物,8,22.0,23.0,24.0,86400.0,1987200.0,2073600.0,0,0
28,reaction,6,reaction,菲尔合金碳化物反应配方,菲尔合金碳化物,8,22.0,23.0,24.0,86400.0,1987200.0,2073600.0,0,0
28,reaction,7,reaction,菲尔合金碳化物反应配方,菲尔合金碳化物,8,22.0,23.0,24.0,86400.0,1987200.0,2073600.0,0,0
28,reaction,8,reaction,菲尔合金碳化物反应配方,菲尔合金碳化物,8,22.0,23.0,24.0,86400.0,1987200.0,2073600.0,0,0
3,manufacturing,0,manufacturing,280mm榴弹炮蓝图 I,280mm榴弹炮 I,96,24.0,25.0,26.0,86400.0,2160000.0,2246400.0,0,0
3,manufacturing,1,manufacturing,280mm榴弹炮蓝图 I,280mm榴弹炮 I,96,24.0,25.0,26.0,86400.0,2160000.0,2246400.0,0,0
3,manufacturing,2,manufacturing,280mm榴弹炮蓝图 I,280mm榴弹炮 I,96,24.0,25.0,26.0,86400.0,2160000.0,2246400.0,0,0
3,manufacturing,3,manufacturing,280mm榴弹炮蓝图 I,280mm榴弹炮 I,96,24.0,25.0,26.0,86400.0,2160000.0,2246400.0,0,0
3,manufacturing,4,manufacturing,280mm榴弹炮蓝图 I,280mm榴弹炮 I,96,24.0,25.0,26.0,86400.0,2160000.0,2246400.0,0,0
3,manufacturing,5,manufacturing,280mm榴弹炮蓝图 I,280mm榴弹炮 I,96,24.0,25.0,26.0,86400.0,2160000.0,2246400.0,0,0
3,manufacturing,6,manufacturing,280mm榴弹炮蓝图 I,280mm榴弹炮 I,96,24.0,25.0,26.0,86400.0,2160000.0,2246400.0,0,0
3,manufacturing,7,manufacturing,280mm榴弹炮蓝图 I,280mm榴弹炮 I,96,24.0,25.0,26.0,86400.0,2160000.0,2246400.0,0,0
3,manufacturing,8,manufacturing,280mm榴弹炮蓝图 I,280mm榴弹炮 I,96,24.0,25.0,26.0,86400.0,2160000.0,2246400.0,0,0
28,reaction,0,reaction,菲尔合金碳化物反应配方,菲尔合金碳化物,8,24.0,25.0,26.0,86400.0,2160000.0,2246400.0,0,0
28,reaction,1,reaction,菲尔合金碳化物反应配方,菲尔合金碳化物,8,24.0,25.0,26.0,86400.0,2160000.0,2246400.0,0,0
28,reaction,2,reaction,菲尔合金碳化物反应配方,菲尔合金碳化物,8,24.0,25.0,26.0,86400.0,2160000.0,2246400.0,0,0
28,reaction,3,reaction,菲尔合金碳化物反应配方,菲尔合金碳化物,8,24.0,25.0,26.0,86400.0,2160000.0,2246400.0,0,0
28,reaction,4,reaction,菲尔合金碳化物反应配方,菲尔合金碳化物,8,24.0,25.0,26.0,86400.0,2160000.0,2246400.0,0,0
28,reaction,5,reaction,菲尔合金碳化物反应配方,菲尔合金碳化物,4,24.0,24.5,25.0,43200.0,2116800.0,2160000.0,0,7832.32
31,reaction,6,reaction,微晶合金反应配方,微晶合金,8,24.0,25.0,26.0,86400.0,2160000.0,2246400.0,0,0
31,reaction,7,reaction,微晶合金反应配方,微晶合金,8,24.0,25.0,26.0,86400.0,2160000.0,2246400.0,0,0
31,reaction,8,reaction,微晶合金反应配方,微晶合金,8,24.0,25.0,26.0,86400.0,2160000.0,2246400.0,0,0
3,manufacturing,0,manufacturing,280mm榴弹炮蓝图 I,280mm榴弹炮 I,96,26.0,27.0,28.0,86400.0,2332800.0,2419200.0,0,0
3,manufacturing,1,manufacturing,280mm榴弹炮蓝图 I,280mm榴弹炮 I,61,26.0,26.635416666666668,27.0,54900.0,2301300.0,2332800.0,0,84796859.0909091
10,manufacturing,2,manufacturing,冰雹蓝图 S,冰雹 S,18,26.0,27.0,28.0,86400.0,2332800.0,2419200.0,0,0
10,manufacturing,3,manufacturing,冰雹蓝图 S,冰雹 S,18,26.0,27.0,28.0,86400.0,2332800.0,2419200.0,0,0
10,manufacturing,4,manufacturing,冰雹蓝图 S,冰雹 S,18,26.0,27.0,28.0,86400.0,2332800.0,2419200.0,0,0
10,manufacturing,5,manufacturing,冰雹蓝图 S,冰雹 S,18,26.0,27.0,28.0,86400.0,2332800.0,2419200.0,0,0
10,manufacturing,6,manufacturing,冰雹蓝图 S,冰雹 S,18,26.0,27.0,28.0,86400.0,2332800.0,2419200.0,0,0
10,manufacturing,7,manufacturing,冰雹蓝图 S,冰雹 S,18,26.0,27.0,28.0,86400.0,2332800.0,2419200.0,0,0
10,manufacturing,8,manufacturing,冰雹蓝图 S,冰雹 S,18,26.0,27.0,28.0,86400.0,2332800.0,2419200.0,0,0
31,reaction,0,reaction,微晶合金反应配方,微晶合金,8,26.0,27.0,28.0,86400.0,2332800.0,2419200.0,0,0
31,reaction,1,reaction,微晶合金反应配方,微晶合金,8,26.0,27.0,28.0,86400.0,2332800.0,2419200.0,0,0
31,reaction,2,reaction,微晶合金反应配方,微晶合金,8,26.0,27.0,28.0,86400.0,2332800.0,2419200.0,0,0
31,reaction,3,reaction,微晶合金反应配方,微晶合金,8,26.0,27.0,28.0,86400.0,2332800.0,2419200.0,0,0
31,reaction,4,reaction,微晶合金反应配方,微晶合金,4,26.0,26.5,27.0,43200.0,2289600.0,2332800.0,0,297271.71428571426
36,reaction,5,reaction,碳聚合物反应配方,碳聚合物,8,26.0,27.0,28.0,86400.0,2332800.0,2419200.0,0,0
36,reaction,6,reaction,碳聚合物反应配方,碳聚合物,6,26.0,26.75,27.0,64800.0,2311200.0,2332800.0,0,16605.399999999998
37,reaction,7,reaction,铂锝合金反应配方,铂锝合金,8,26.0,27.0,28.0,86400.0,2332800.0,2419200.0,0,0
37,reaction,8,reaction,铂锝合金反应配方,铂锝合金,6,26.0,26.75,27.0,64800.0,2311200.0,2332800.0,0,235620.0
10,manufacturing,0,manufacturing,冰雹蓝图 S,冰雹 S,18,28.0,29.0,30.0,86400.0,2505600.0,2592000.0,0,0
10,manufacturing,1,manufacturing,冰雹蓝图 S,冰雹 S,18,28.0,29.0,30.0,86400.0,2505600.0,2592000.0,0,0
10,manufacturing,2,manufacturing,冰雹蓝图 S,冰雹 S,18,28.0,29.0,30.0,86400.0,2505600.0,2592000.0,0,0
10,manufacturing,3,manufacturing,冰雹蓝图 S,冰雹 S,18,28.0,29.0,30.0,86400.0,2505600.0,2592000.0,0,0
10,manufacturing,4,manufacturing,冰雹蓝图 S,冰雹 S,18,28.0,29.0,30.0,86400.0,2505600.0,2592000.0,0,0
10,manufacturing,5,manufacturing,冰雹蓝图 S,冰雹 S,18,28.0,29.0,30.0,86400.0,2505600.0,2592000.0,0,0
10,manufacturing,6,manufacturing,冰雹蓝图 S,冰雹 S,18,28.0,29.0,30.0,86400.0,2505600.0,2592000.0,0,0
10,manufacturing,7,manufacturing,冰雹蓝图 S,冰雹 S,18,28.0,29.0,30.0,86400.0,2505600.0,2592000.0,0,0
10,manufacturing,8,manufacturing,冰雹蓝图 S,冰雹 S,18,28.0,29.0,30.0,86400.0,2505600.0,2592000.0,0,0
38,reaction,0,reaction,富勒化合物反应配方,富勒化合物,8,28.0,29.0,30.0,86400.0,2505600.0,2592000.0,0,0
38,reaction,1,reaction,富勒化合物反应配方,富勒化合物,8,28.0,29.0,30.0,86400.0,2505600.0,2592000.0,0,0
38,reaction,2,reaction,富勒化合物反应配方,富勒化合物,8,28.0,29.0,30.0,86400.0,2505600.0,2592000.0,0,0
38,reaction,3,reaction,富勒化合物反应配方,富勒化合物,4,28.0,28.5,29.0,43200.0,2462400.0,2505600.0,0,21126.93333333333
10,manufacturing,0,manufacturing,冰雹蓝图 S,冰雹 S,18,30.0,31.0,32.0,86400.0,2678400.0,2764800.0,0,0
10,manufacturing,1,manufacturing,冰雹蓝图 S,冰雹 S,18,30.0,31.0,32.0,86400.0,2678400.0,2764800.0,0,0
10,manufacturing,2,manufacturing,冰雹蓝图 S,冰雹 S,18,30.0,31.0,32.0,86400.0,2678400.0,2764800.0,0,0
10,manufacturing,3,manufacturing,冰雹蓝图 S,冰雹 S,18,30.0,31.0,32.0,86400.0,2678400.0,2764800.0,0,0
10,manufacturing,4,manufacturing,冰雹蓝图 S,冰雹 S,18,30.0,31.0,32.0,86400.0,2678400.0,2764800.0,0,0
10,manufacturing,5,manufacturing,冰雹蓝图 S,冰雹 S,18,30.0,31.0,32.0,86400.0,2678400.0,2764800.0,0,0
10,manufacturing,6,manufacturing,冰雹蓝图 S,冰雹 S,18,30.0,31.0,32.0,86400.0,2678400.0,2764800.0,0,0
10,manufacturing,7,manufacturing,冰雹蓝图 S,冰雹 S,18,30.0,31.0,32.0,86400.0,2678400.0,2764800.0,0,0
10,manufacturing,8,manufacturing,冰雹蓝图 S,冰雹 S,18,30.0,31.0,32.0,86400.0,2678400.0,2764800.0,0,0
10,manufacturing,0,manufacturing,冰雹蓝图 S,冰雹 S,18,32.0,33.0,34.0,86400.0,2851200.0,2937600.0,0,0
10,manufacturing,1,manufacturing,冰雹蓝图 S,冰雹 S,18,32.0,33.0,34.0,86400.0,2851200.0,2937600.0,0,0
10,manufacturing,2,manufacturing,冰雹蓝图 S,冰雹 S,18,32.0,33.0,34.0,86400.0,2851200.0,2937600.0,0,0
10,manufacturing,3,manufacturing,冰雹蓝图 S,冰雹 S,18,32.0,33.0,34.0,86400.0,2851200.0,2937600.0,0,0
10,manufacturing,4,manufacturing,冰雹蓝图 S,冰雹 S,5,32.0,32.27777777777778,33.0,23999.999999999996,2788800.0,2851200.0,0,23613.740714285716
14,manufacturing,5,manufacturing,极光蓝图 S,极光 S,18,32.0,33.0,34.0,86400.0,2851200.0,2937600.0,0,0
14,manufacturing,6,manufacturing,极光蓝图 S,极光 S,18,32.0,33.0,34.0,86400.0,2851200.0,2937600.0,0,0
14,manufacturing,7,manufacturing,极光蓝图 S,极光 S,18,32.0,33.0,34.0,86400.0,2851200.0,2937600.0,0,0
14,manufacturing,8,manufacturing,极光蓝图 S,极光 S,18,32.0,33.0,34.0,86400.0,2851200.0,2937600.0,0,0
14,manufacturing,0,manufacturing,极光蓝图 S,极光 S,18,34.0,35.0,36.0,86400.0,3024000.0,3110400.0,0,0
14,manufacturing,1,manufacturing,极光蓝图 S,极光 S,18,34.0,35.0,36.0,86400.0,3024000.0,3110400.0,0,0
14,manufacturing,2,manufacturing,极光蓝图 S,极光 S,18,34.0,35.0,36.0,86400.0,3024000.0,3110400.0,0,0
14,manufacturing,3,manufacturing,极光蓝图 S,极光 S,18,34.0,35.0,36.0,86400.0,3024000.0,3110400.0,0,0
14,manufacturing,4,manufacturing,极光蓝图 S,极光 S,18,34.0,35.0,36.0,86400.0,3024000.0,3110400.0,0,0
14,manufacturing,5,manufacturing,极光蓝图 S,极光 S,18,34.0,35.0,36.0,86400.0,3024000.0,3110400.0,0,0
14,manufacturing,6,manufacturing,极光蓝图 S,极光 S,18,34.0,35.0,36.0,86400.0,3024000.0,3110400.0,0,0
14,manufacturing,7,manufacturing,极光蓝图 S,极光 S,18,34.0,35.0,36.0,86400.0,3024000.0,3110400.0,0,0
14,manufacturing,8,manufacturing,极光蓝图 S,极光 S,18,34.0,35.0,36.0,86400.0,3024000.0,3110400.0,0,0
14,manufacturing,0,manufacturing,极光蓝图 S,极光 S,18,36.0,37.0,38.0,86400.0,3196800.0,3283200.0,0,0
14,manufacturing,1,manufacturing,极光蓝图 S,极光 S,18,36.0,37.0,38.0,86400.0,3196800.0,3283200.0,0,0
14,manufacturing,2,manufacturing,极光蓝图 S,极光 S,18,36.0,37.0,38.0,86400.0,3196800.0,3283200.0,0,0
14,manufacturing,3,manufacturing,极光蓝图 S,极光 S,18,36.0,37.0,38.0,86400.0,3196800.0,3283200.0,0,0
14,manufacturing,4,manufacturing,极光蓝图 S,极光 S,18,36.0,37.0,38.0,86400.0,3196800.0,3283200.0,0,0
14,manufacturing,5,manufacturing,极光蓝图 S,极光 S,18,36.0,37.0,38.0,86400.0,3196800.0,3283200.0,0,0
14,manufacturing,6,manufacturing,极光蓝图 S,极光 S,18,36.0,37.0,38.0,86400.0,3196800.0,3283200.0,0,0
14,manufacturing,7,manufacturing,极光蓝图 S,极光 S,18,36.0,37.0,38.0,86400.0,3196800.0,3283200.0,0,0
14,manufacturing,8,manufacturing,极光蓝图 S,极光 S,18,36.0,37.0,38.0,86400.0,3196800.0,3283200.0,0,0
14,manufacturing,0,manufacturing,极光蓝图 S,极光 S,18,38.0,39.0,40.0,86400.0,3369600.0,3456000.0,0,0
14,manufacturing,1,manufacturing,极光蓝图 S,极光 S,18,38.0,39.0,40.0,86400.0,3369600.0,3456000.0,0,0
14,manufacturing,2,manufacturing,极光蓝图 S,极光 S,18,38.0,39.0,40.0,86400.0,3369600.0,3456000.0,0,0
14,manufacturing,3,manufacturing,极光蓝图 S,极光 S,11,38.0,38.61111111111111,39.0,52800.0,3336000.0,3369600.0,0,35906302.14285714
15,manufacturing,4,manufacturing,中型核心防御力场扩张装置蓝图 I,中型核心防御力场扩张装置 I,28,38.0,38.97222222222222,39.0,84000.00000000001,3367200.0,3369600.0,0,0
15,manufacturing,5,manufacturing,中型核心防御力场扩张装置蓝图 I,中型核心防御力场扩张装置 I,28,38.0,38.97222222222222,39.0,84000.00000000001,3367200.0,3369600.0,0,0
15,manufacturing,6,manufacturing,中型核心防御力场扩张装置蓝图 I,中型核心防御力场扩张装置 I,28,38.0,38.97222222222222,39.0,84000.00000000001,3367200.0,3369600.0,0,0
15,manufacturing,7,manufacturing,中型核心防御力场扩张装置蓝图 I,中型核心防御力场扩张装置 I,28,38.0,38.97222222222222,39.0,84000.00000000001,3367200.0,3369600.0,0,0
15,manufacturing,8,manufacturing,中型核心防御力场扩张装置蓝图 I,中型核心防御力场扩张装置 I,28,38.0,38.97222222222222,39.0,84000.00000000001,3367200.0,3369600.0,0,0
15,manufacturing,0,manufacturing,中型核心防御力场扩张装置蓝图 I,中型核心防御力场扩张装置 I,28,40.0,40.97222222222222,41.0,84000.00000000001,3540000.0,3542400.0,0,0
15,manufacturing,1,manufacturing,中型核心防御力场扩张装置蓝图 I,中型核心防御力场扩张装置 I,28,40.0,40.97222222222222,41.0,84000.00000000001,3540000.0,3542400.0,0,0
15,manufacturing,2,manufacturing,中型核心防御力场扩张装置蓝图 I,中型核心防御力场扩张装置 I,28,40.0,40.97222222222222,41.0,84000.00000000001,3540000.0,3542400.0,0,0
15,manufacturing,3,manufacturing,中型核心防御力场扩张装置蓝图 I,中型核心防御力场扩张装置 I,28,40.0,40.97222222222222,41.0,84000.00000000001,3540000.0,3542400.0,0,0
15,manufacturing,4,manufacturing,中型核心防御力场扩张装置蓝图 I,中型核心防御力场扩张装置 I,28,40.0,40.97222222222222,41.0,84000.00000000001,3540000.0,3542400.0,0,0
15,manufacturing,5,manufacturing,中型核心防御力场扩张装置蓝图 I,中型核心防御力场扩张装置 I,28,40.0,40.97222222222222,41.0,84000.00000000001,3540000.0,3542400.0,0,0
15,manufacturing,6,manufacturing,中型核心防御力场扩张装置蓝图 I,中型核心防御力场扩张装置 I,28,40.0,40.97222222222222,41.0,84000.00000000001,3540000.0,3542400.0,0,0
15,manufacturing,7,manufacturing,中型核心防御力场扩张装置蓝图 I,中型核心防御力场扩张装置 I,28,40.0,40.97222222222222,41.0,84000.00000000001,3540000.0,3542400.0,0,0
15,manufacturing,8,manufacturing,中型核心防御力场扩张装置蓝图 I,中型核心防御力场扩张装置 I,28,40.0,40.97222222222222,41.0,84000.00000000001,3540000.0,3542400.0,0,0
15,manufacturing,0,manufacturing,中型核心防御力场扩张装置蓝图 I,中型核心防御力场扩张装置 I,28,42.0,42.97222222222222,43.0,84000.00000000001,3712799.9999999995,3715200.0,0,0
15,manufacturing,1,manufacturing,中型核心防御力场扩张装置蓝图 I,中型核心防御力场扩张装置 I,18,42.0,42.625,43.0,54000.0,3682800.0,3715200.0,0,468724015.38461536
16,manufacturing,2,manufacturing,小型能量武器轨迹校准设备蓝图 II,小型能量武器轨迹校准设备 II,5,42.0,42.86805555555555,43.0,75000.00000000001,3703799.9999999995,3715200.0,0,0
16,manufacturing,3,manufacturing,小型能量武器轨迹校准设备蓝图 II,小型能量武器轨迹校准设备 II,5,42.0,42.86805555555555,43.0,75000.00000000001,3703799.9999999995,3715200.0,0,0
16,manufacturing,4,manufacturing,小型能量武器轨迹校准设备蓝图 II,小型能量武器轨迹校准设备 II,5,42.0,42.86805555555555,43.0,75000.00000000001,3703799.9999999995,3715200.0,0,0
16,manufacturing,5,manufacturing,小型能量武器轨迹校准设备蓝图 II,小型能量武器轨迹校准设备 II,5,42.0,42.86805555555555,43.0,75000.00000000001,3703799.9999999995,3715200.0,0,0
16,manufacturing,6,manufacturing,小型能量武器轨迹校准设备蓝图 II,小型能量武器轨迹校准设备 II,5,42.0,42.86805555555555,43.0,75000.00000000001,3703799.9999999995,3715200.0,0,0
16,manufacturing,7,manufacturing,小型能量武器轨迹校准设备蓝图 II,小型能量武器轨迹校准设备 II,5,42.0,42.86805555555555,43.0,75000.00000000001,3703799.9999999995,3715200.0,0,0
16,manufacturing,8,manufacturing,小型能量武器轨迹校准设备蓝图 II,小型能量武器轨迹校准设备 II,5,42.0,42.86805555555555,43.0,75000.00000000001,3703799.9999999995,3715200.0,0,0
16,manufacturing,0,manufacturing,小型能量武器轨迹校准设备蓝图 II,小型能量武器轨迹校准设备 II,5,44.0,44.86805555555555,45.0,75000.00000000001,3876599.9999999995,3888000.0,0,0
16,manufacturing,1,manufacturing,小型能量武器轨迹校准设备蓝图 II,小型能量武器轨迹校准设备 II,5,44.0,44.86805555555555,45.0,75000.00000000001,3876599.9999999995,3888000.0,0,0
16,manufacturing,2,manufacturing,小型能量武器轨迹校准设备蓝图 II,小型能量武器轨迹校准设备 II,5,44.0,44.86805555555555,45.0,75000.00000000001,3876599.9999999995,3888000.0,0,0
16,manufacturing,3,manufacturing,小型能量武器轨迹校准设备蓝图 II,小型能量武器轨迹校准设备 II,5,44.0,44.86805555555555,45.0,75000.00000000001,3876599.9999999995,3888000.0,0,0
16,manufacturing,4,manufacturing,小型能量武器轨迹校准设备蓝图 II,小型能量武器轨迹校准设备 II,5,44.0,44.86805555555555,45.0,75000.00000000001,3876599.9999999995,3888000.0,0,0
16,manufacturing,5,manufacturing,小型能量武器轨迹校准设备蓝图 II,小型能量武器轨迹校准设备 II,5,44.0,44.86805555555555,45.0,75000.00000000001,3876599.9999999995,3888000.0,0,0
16,manufacturing,6,manufacturing,小型能量武器轨迹校准设备蓝图 II,小型能量武器轨迹校准设备 II,5,44.0,44.86805555555555,45.0,75000.00000000001,3876599.9999999995,3888000.0,0,0
16,manufacturing,7,manufacturing,小型能量武器轨迹校准设备蓝图 II,小型能量武器轨迹校准设备 II,5,44.0,44.86805555555555,45.0,75000.00000000001,3876599.9999999995,3888000.0,0,0
16,manufacturing,8,manufacturing,小型能量武器轨迹校准设备蓝图 II,小型能量武器轨迹校准设备 II,5,44.0,44.86805555555555,45.0,75000.00000000001,3876599.9999999995,3888000.0,0,0
16,manufacturing,0,manufacturing,小型能量武器轨迹校准设备蓝图 II,小型能量武器轨迹校准设备 II,5,46.0,46.86805555555555,47.0,75000.00000000001,4049399.9999999995,4060800.0,0,0
16,manufacturing,1,manufacturing,小型能量武器轨迹校准设备蓝图 II,小型能量武器轨迹校准设备 II,5,46.0,46.86805555555555,47.0,75000.00000000001,4049399.9999999995,4060800.0,0,0
16,manufacturing,2,manufacturing,小型能量武器轨迹校准设备蓝图 II,小型能量武器轨迹校准设备 II,5,46.0,46.86805555555555,47.0,75000.00000000001,4049399.9999999995,4060800.0,0,0
16,manufacturing,3,manufacturing,小型能量武器轨迹校准设备蓝图 II,小型能量武器轨迹校准设备 II,5,46.0,46.86805555555555,47.0,75000.00000000001,4049399.9999999995,4060800.0,0,0
16,manufacturing,4,manufacturing,小型能量武器轨迹校准设备蓝图 II,小型能量武器轨迹校准设备 II,5,46.0,46.86805555555555,47.0,75000.00000000001,4049399.9999999995,4060800.0,0,0
16,manufacturing,5,manufacturing,小型能量武器轨迹校准设备蓝图 II,小型能量武器轨迹校准设备 II,5,46.0,46.86805555555555,47.0,75000.00000000001,4049399.9999999995,4060800.0,0,0
16,manufacturing,6,manufacturing,小型能量武器轨迹校准设备蓝图 II,小型能量武器轨迹校准设备 II,5,46.0,46.86805555555555,47.0,75000.00000000001,4049399.9999999995,4060800.0,0,0
16,manufacturing,7,manufacturing,小型能量武器轨迹校准设备蓝图 II,小型能量武器轨迹校准设备 II,5,46.0,46.86805555555555,47.0,75000.00000000001,4049399.9999999995,4060800.0,0,0
16,manufacturing,8,manufacturing,小型能量武器轨迹校准设备蓝图 II,小型能量武器轨迹校准设备 II,5,46.0,46.86805555555555,47.0,75000.00000000001,4049399.9999999995,4060800.0,0,0
16,manufacturing,0,manufacturing,小型能量武器轨迹校准设备蓝图 II,小型能量武器轨迹校准设备 II,5,48.0,48.86805555555555,49.0,75000.00000000001,4222200.0,4233600.0,0,0
16,manufacturing,1,manufacturing,小型能量武器轨迹校准设备蓝图 II,小型能量武器轨迹校准设备 II,5,48.0,48.86805555555555,49.0,75000.00000000001,4222200.0,4233600.0,0,0
16,manufacturing,2,manufacturing,小型能量武器轨迹校准设备蓝图 II,小型能量武器轨迹校准设备 II,5,48.0,48.86805555555555,49.0,75000.00000000001,4222200.0,4233600.0,0,0
16,manufacturing,3,manufacturing,小型能量武器轨迹校准设备蓝图 II,小型能量武器轨迹校准设备 II,5,48.0,48.86805555555555,49.0,75000.00000000001,4222200.0,4233600.0,0,0
16,manufacturing,4,manufacturing,小型能量武器轨迹校准设备蓝图 II,小型能量武器轨迹校准设备 II,5,48.0,48.86805555555555,49.0,75000.00000000001,4222200.0,4233600.0,0,0
16,manufacturing,5,manufacturing,小型能量武器轨迹校准设备蓝图 II,小型能量武器轨迹校准设备 II,5,48.0,48.86805555555555,49.0,75000.00000000001,4222200.0,4233600.0,0,0
16,manufacturing,6,manufacturing,小型能量武器轨迹校准设备蓝图 II,小型能量武器轨迹校准设备 II,5,48.0,48.86805555555555,49.0,75000.00000000001,4222200.0,4233600.0,0,0
16,manufacturing,7,manufacturing,小型能量武器轨迹校准设备蓝图 II,小型能量武器轨迹校准设备 II,5,48.0,48.86805555555555,49.0,75000.00000000001,4222200.0,4233600.0,0,0
16,manufacturing,8,manufacturing,小型能量武器轨迹校准设备蓝图 II,小型能量武器轨迹校准设备 II,5,48.0,48.86805555555555,49.0,75000.00000000001,4222200.0,4233600.0,0,0
16,manufacturing,0,manufacturing,小型能量武器轨迹校准设备蓝图 II,小型能量武器轨迹校准设备 II,5,50.0,50.86805555555555,51.0,75000.00000000001,4395000.0,4406400.0,0,0
16,manufacturing,1,manufacturing,小型能量武器轨迹校准设备蓝图 II,小型能量武器轨迹校准设备 II,5,50.0,50.86805555555555,51.0,75000.00000000001,4395000.0,4406400.0,0,0
16,manufacturing,2,manufacturing,小型能量武器轨迹校准设备蓝图 II,小型能量武器轨迹校准设备 II,5,50.0,50.86805555555555,51.0,75000.00000000001,4395000.0,4406400.0,0,0
16,manufacturing,3,manufacturing,小型能量武器轨迹校准设备蓝图 II,小型能量武器轨迹校准设备 II,5,50.0,50.86805555555555,51.0,75000.00000000001,4395000.0,4406400.0,0,0
16,manufacturing,4,manufacturing,小型能量武器轨迹校准设备蓝图 II,小型能量武器轨迹校准设备 II,5,50.0,50.86805555555555,51.0,75000.00000000001,4395000.0,4406400.0,0,0
16,manufacturing,5,manufacturing,小型能量武器轨迹校准设备蓝图 II,小型能量武器轨迹校准设备 II,5,50.0,50.86805555555555,51.0,75000.00000000001,4395000.0,4406400.0,0,0
16,manufacturing,6,manufacturing,小型能量武器轨迹校准设备蓝图 II,小型能量武器轨迹校准设备 II,5,50.0,50.86805555555555,51.0,75000.00000000001,4395000.0,4406400.0,0,0
16,manufacturing,7,manufacturing,小型能量武器轨迹校准设备蓝图 II,小型能量武器轨迹校准设备 II,5,50.0,50.86805555555555,51.0,75000.00000000001,4395000.0,4406400.0,0,0
16,manufacturing,8,manufacturing,小型能量武器轨迹校准设备蓝图 II,小型能量武器轨迹校准设备 II,5,50.0,50.86805555555555,51.0,75000.00000000001,4395000.0,4406400.0,0,0
16,manufacturing,0,manufacturing,小型能量武器轨迹校准设备蓝图 II,小型能量武器轨迹校准设备 II,5,52.0,52.86805555555555,53.0,75000.00000000001,4567800.0,4579200.0,0,0
16,manufacturing,1,manufacturing,小型能量武器轨迹校准设备蓝图 II,小型能量武器轨迹校准设备 II,5,52.0,52.86805555555555,53.0,75000.00000000001,4567800.0,4579200.0,0,0
16,manufacturing,2,manufacturing,小型能量武器轨迹校准设备蓝图 II,小型能量武器轨迹校准设备 II,5,52.0,52.86805555555555,53.0,75000.00000000001,4567800.0,4579200.0,0,0
16,manufacturing,3,manufacturing,小型能量武器轨迹校准设备蓝图 II,小型能量武器轨迹校准设备 II,5,52.0,52.86805555555555,53.0,75000.00000000001,4567800.0,4579200.0,0,0
16,manufacturing,4,manufacturing,小型能量武器轨迹校准设备蓝图 II,小型能量武器轨迹校准设备 II,5,52.0,52.86805555555555,53.0,75000.00000000001,4567800.0,4579200.0,0,0
16,manufacturing,5,manufacturing,小型能量武器轨迹校准设备蓝图 II,小型能量武器轨迹校准设备 II,5,52.0,52.86805555555555,53.0,75000.00000000001,4567800.0,4579200.0,0,0
16,manufacturing,6,manufacturing,小型能量武器轨迹校准设备蓝图 II,小型能量武器轨迹校准设备 II,5,52.0,52.86805555555555,53.0,75000.00000000001,4567800.0,4579200.0,0,0
16,manufacturing,7,manufacturing,小型能量武器轨迹校准设备蓝图 II,小型能量武器轨迹校准设备 II,5,52.0,52.86805555555555,53.0,75000.00000000001,4567800.0,4579200.0,0,0
16,manufacturing,8,manufacturing,小型能量武器轨迹校准设备蓝图 II,小型能量武器轨迹校准设备 II,5,52.0,52.86805555555555,53.0,75000.00000000001,4567800.0,4579200.0,0,0
16,manufacturing,0,manufacturing,小型能量武器轨迹校准设备蓝图 II,小型能量武器轨迹校准设备 II,5,54.0,54.86805555555555,55.0,75000.00000000001,4740600.0,4752000.0,0,0
16,manufacturing,1,manufacturing,小型能量武器轨迹校准设备蓝图 II,小型能量武器轨迹校准设备 II,5,54.0,54.86805555555555,55.0,75000.00000000001,4740600.0,4752000.0,0,0
16,manufacturing,2,manufacturing,小型能量武器轨迹校准设备蓝图 II,小型能量武器轨迹校准设备 II,5,54.0,54.86805555555555,55.0,75000.00000000001,4740600.0,4752000.0,0,0
16,manufacturing,3,manufacturing,小型能量武器轨迹校准设备蓝图 II,小型能量武器轨迹校准设备 II,5,54.0,54.86805555555555,55.0,75000.00000000001,4740600.0,4752000.0,0,291138000.0
18,manufacturing,4,manufacturing,强化舱隔壁蓝图 I,强化舱隔壁 I,96,54.0,55.0,56.0,86400.0,4752000.0,4838400.0,0,0
18,manufacturing,5,manufacturing,强化舱隔壁蓝图 I,强化舱隔壁 I,96,54.0,55.0,56.0,86400.0,4752000.0,4838400.0,0,0
18,manufacturing,6,manufacturing,强化舱隔壁蓝图 I,强化舱隔壁 I,34,54.0,54.354166666666664,55.0,30600.0,4696200.0,4752000.0,0,5067702.307692308
20,manufacturing,7,manufacturing,小型能量武器发散调节装置蓝图 II,小型能量武器发散调节装置 II,5,54.0,54.86805555555555,55.0,75000.00000000001,4740600.0,4752000.0,0,0
20,manufacturing,8,manufacturing,小型能量武器发散调节装置蓝图 II,小型能量武器发散调节装置 II,5,54.0,54.86805555555555,55.0,75000.00000000001,4740600.0,4752000.0,0,0
19,manufacturing,0,manufacturing,强化舱隔壁蓝图 II,强化舱隔壁 II,36,56.0,56.975,57.0,84240.00000000001,4922640.0,4924800.0,0,0
19,manufacturing,1,manufacturing,强化舱隔壁蓝图 II,强化舱隔壁 II,36,56.0,56.975,57.0,84240.00000000001,4922640.0,4924800.0,0,0
19,manufacturing,2,manufacturing,强化舱隔壁蓝图 II,强化舱隔壁 II,36,56.0,56.975,57.0,84240.00000000001,4922640.0,4924800.0,0,0
19,manufacturing,3,manufacturing,强化舱隔壁蓝图 II,强化舱隔壁 II,36,56.0,56.975,57.0,84240.00000000001,4922640.0,4924800.0,0,0
19,manufacturing,4,manufacturing,强化舱隔壁蓝图 II,强化舱隔壁 II,36,56.0,56.975,57.0,84240.00000000001,4922640.0,4924800.0,0,0
19,manufacturing,5,manufacturing,强化舱隔壁蓝图 II,强化舱隔壁 II,36,56.0,56.975,57.0,84240.00000000001,4922640.0,4924800.0,0,0
19,manufacturing,6,manufacturing,强化舱隔壁蓝图 II,强化舱隔壁 II,10,56.0,56.270833333333336,57.0,23400.0,4861800.0,4924800.0,0,62451623.07692307
20,manufacturing,7,manufacturing,小型能量武器发散调节装置蓝图 II,小型能量武器发散调节装置 II,5,56.0,56.86805555555555,57.0,75000.00000000001,4913400.0,4924800.0,0,0
20,manufacturing,8,manufacturing,小型能量武器发散调节装置蓝图 II,小型能量武器发散调节装置 II,5,56.0,56.86805555555555,57.0,75000.00000000001,4913400.0,4924800.0,0,0
20,manufacturing,0,manufacturing,小型能量武器发散调节装置蓝图 II,小型能量武器发散调节装置 II,5,58.0,58.86805555555555,59.0,75000.00000000001,5086200.0,5097600.0,0,0
20,manufacturing,1,manufacturing,小型能量武器发散调节装置蓝图 II,小型能量武器发散调节装置 II,5,58.0,58.86805555555555,59.0,75000.00000000001,5086200.0,5097600.0,0,0
20,manufacturing,2,manufacturing,小型能量武器发散调节装置蓝图 II,小型能量武器发散调节装置 II,5,58.0,58.86805555555555,59.0,75000.00000000001,5086200.0,5097600.0,0,0
20,manufacturing,3,manufacturing,小型能量武器发散调节装置蓝图 II,小型能量武器发散调节装置 II,5,58.0,58.86805555555555,59.0,75000.00000000001,5086200.0,5097600.0,0,0
20,manufacturing,4,manufacturing,小型能量武器发散调节装置蓝图 II,小型能量武器发散调节装置 II,5,58.0,58.86805555555555,59.0,75000.00000000001,5086200.0,5097600.0,0,0
20,manufacturing,5,manufacturing,小型能量武器发散调节装置蓝图 II,小型能量武器发散调节装置 II,5,58.0,58.86805555555555,59.0,75000.00000000001,5086200.0,5097600.0,0,0
20,manufacturing,6,manufacturing,小型能量武器发散调节装置蓝图 II,小型能量武器发散调节装置 II,5,58.0,58.86805555555555,59.0,75000.00000000001,5086200.0,5097600.0,0,0
20,manufacturing,7,manufacturing,小型能量武器发散调节装置蓝图 II,小型能量武器发散调节装置 II,5,58.0,58.86805555555555,59.0,75000.00000000001,5086200.0,5097600.0,0,0
20,manufacturing,8,manufacturing,小型能量武器发散调节装置蓝图 II,小型能量武器发散调节装置 II,5,58.0,58.86805555555555,59.0,75000.00000000001,5086200.0,5097600.0,0,0
20,manufacturing,0,manufacturing,小型能量武器发散调节装置蓝图 II,小型能量武器发散调节装置 II,5,60.0,60.86805555555555,61.0,75000.00000000001,5259000.0,5270400.0,0,0
20,manufacturing,1,manufacturing,小型能量武器发散调节装置蓝图 II,小型能量武器发散调节装置 II,5,60.0,60.86805555555555,61.0,75000.00000000001,5259000.0,5270400.0,0,0
20,manufacturing,2,manufacturing,小型能量武器发散调节装置蓝图 II,小型能量武器发散调节装置 II,5,60.0,60.86805555555555,61.0,75000.00000000001,5259000.0,5270400.0,0,0
20,manufacturing,3,manufacturing,小型能量武器发散调节装置蓝图 II,小型能量武器发散调节装置 II,5,60.0,60.86805555555555,61.0,75000.00000000001,5259000.0,5270400.0,0,0
20,manufacturing,4,manufacturing,小型能量武器发散调节装置蓝图 II,小型能量武器发散调节装置 II,5,60.0,60.86805555555555,61.0,75000.00000000001,5259000.0,5270400.0,0,0
20,manufacturing,5,manufacturing,小型能量武器发散调节装置蓝图 II,小型能量武器发散调节装置 II,5,60.0,60.86805555555555,61.0,75000.00000000001,5259000.0,5270400.0,0,0
20,manufacturing,6,manufacturing,小型能量武器发散调节装置蓝图 II,小型能量武器发散调节装置 II,5,60.0,60.86805555555555,61.0,75000.00000000001,5259000.0,5270400.0,0,0
20,manufacturing,7,manufacturing,小型能量武器发散调节装置蓝图 II,小型能量武器发散调节装置 II,5,60.0,60.86805555555555,61.0,75000.00000000001,5259000.0,5270400.0,0,0
20,manufacturing,8,manufacturing,小型能量武器发散调节装置蓝图 II,小型能量武器发散调节装置 II,5,60.0,60.86805555555555,61.0,75000.00000000001,5259000.0,5270400.0,0,0
20,manufacturing,0,manufacturing,小型能量武器发散调节装置蓝图 II,小型能量武器发散调节装置 II,5,62.0,62.86805555555555,63.0,75000.00000000001,5431800.0,5443200.0,0,0
20,manufacturing,1,manufacturing,小型能量武器发散调节装置蓝图 II,小型能量武器发散调节装置 II,5,62.0,62.86805555555555,63.0,75000.00000000001,5431800.0,5443200.0,0,0
20,manufacturing,2,manufacturing,小型能量武器发散调节装置蓝图 II,小型能量武器发散调节装置 II,5,62.0,62.86805555555555,63.0,75000.00000000001,5431800.0,5443200.0,0,0
20,manufacturing,3,manufacturing,小型能量武器发散调节装置蓝图 II,小型能量武器发散调节装置 II,5,62.0,62.86805555555555,63.0,75000.00000000001,5431800.0,5443200.0,0,0
20,manufacturing,4,manufacturing,小型能量武器发散调节装置蓝图 II,小型能量武器发散调节装置 II,5,62.0,62.86805555555555,63.0,75000.00000000001,5431800.0,5443200.0,0,0
20,manufacturing,5,manufacturing,小型能量武器发散调节装置蓝图 II,小型能量武器发散调节装置 II,5,62.0,62.86805555555555,63.0,75000.00000000001,5431800.0,5443200.0,0,0
20,manufacturing,6,manufacturing,小型能量武器发散调节装置蓝图 II,小型能量武器发散调节装置 II,5,62.0,62.86805555555555,63.0,75000.00000000001,5431800.0,5443200.0,0,0
20,manufacturing,7,manufacturing,小型能量武器发散调节装置蓝图 II,小型能量武器发散调节装置 II,5,62.0,62.86805555555555,63.0,75000.00000000001,5431800.0,5443200.0,0,0
20,manufacturing,8,manufacturing,小型能量武器发散调节装置蓝图 II,小型能量武器发散调节装置 II,5,62.0,62.86805555555555,63.0,75000.00000000001,5431800.0,5443200.0,0,0
20,manufacturing,0,manufacturing,小型能量武器发散调节装置蓝图 II,小型能量武器发散调节装置 II,5,64.0,64.86805555555556,65.0,75000.00000000001,5604600.0,5616000.0,0,0
20,manufacturing,1,manufacturing,小型能量武器发散调节装置蓝图 II,小型能量武器发散调节装置 II,5,64.0,64.86805555555556,65.0,75000.00000000001,5604600.0,5616000.0,0,0
20,manufacturing,2,manufacturing,小型能量武器发散调节装置蓝图 II,小型能量武器发散调节装置 II,5,64.0,64.86805555555556,65.0,75000.00000000001,5604600.0,5616000.0,0,0
20,manufacturing,3,manufacturing,小型能量武器发散调节装置蓝图 II,小型能量武器发散调节装置 II,5,64.0,64.86805555555556,65.0,75000.00000000001,5604600.0,5616000.0,0,0
20,manufacturing,4,manufacturing,小型能量武器发散调节装置蓝图 II,小型能量武器发散调节装置 II,5,64.0,64.86805555555556,65.0,75000.00000000001,5604600.0,5616000.0,0,0
20,manufacturing,5,manufacturing,小型能量武器发散调节装置蓝图 II,小型能量武器发散调节装置 II,5,64.0,64.86805555555556,65.0,75000.00000000001,5604600.0,5616000.0,0,0
20,manufacturing,6,manufacturing,小型能量武器发散调节装置蓝图 II,小型能量武器发散调节装置 II,5,64.0,64.86805555555556,65.0,75000.00000000001,5604600.0,5616000.0,0,0
20,manufacturing,7,manufacturing,小型能量武器发散调节装置蓝图 II,小型能量武器发散调节装置 II,5,64.0,64.86805555555556,65.0,75000.00000000001,5604600.0,5616000.0,0,0
20,manufacturing,8,manufacturing,小型能量武器发散调节装置蓝图 II,小型能量武器发散调节装置 II,5,64.0,64.86805555555556,65.0,75000.00000000001,5604600.0,5616000.0,0,0
20,manufacturing,0,manufacturing,小型能量武器发散调节装置蓝图 II,小型能量武器发散调节装置 II,5,66.0,66.86805555555556,67.0,75000.00000000001,5777400.0,5788800.0,0,0
20,manufacturing,1,manufacturing,小型能量武器发散调节装置蓝图 II,小型能量武器发散调节装置 II,5,66.0,66.86805555555556,67.0,75000.00000000001,5777400.0,5788800.0,0,0
20,manufacturing,2,manufacturing,小型能量武器发散调节装置蓝图 II,小型能量武器发散调节装置 II,5,66.0,66.86805555555556,67.0,75000.00000000001,5777400.0,5788800.0,0,0
20,manufacturing,3,manufacturing,小型能量武器发散调节装置蓝图 II,小型能量武器发散调节装置 II,5,66.0,66.86805555555556,67.0,75000.00000000001,5777400.0,5788800.0,0,0
20,manufacturing,4,manufacturing,小型能量武器发散调节装置蓝图 II,小型能量武器发散调节装置 II,3,66.0,66.52083333333333,67.0,45000.0,5747400.0,5788800.0,0,250777835.7142857
21,manufacturing,5,manufacturing,小型辅助推进器蓝图 II,小型辅助推进器 II,5,66.0,66.86805555555556,67.0,75000.00000000001,5777400.0,5788800.0,0,0
21,manufacturing,6,manufacturing,小型辅助推进器蓝图 II,小型辅助推进器 II,5,66.0,66.86805555555556,67.0,75000.00000000001,5777400.0,5788800.0,0,0
21,manufacturing,7,manufacturing,小型辅助推进器蓝图 II,小型辅助推进器 II,5,66.0,66.86805555555556,67.0,75000.00000000001,5777400.0,5788800.0,0,0
21,manufacturing,8,manufacturing,小型辅助推进器蓝图 II,小型辅助推进器 II,5,66.0,66.86805555555556,67.0,75000.00000000001,5777400.0,5788800.0,0,0
21,manufacturing,0,manufacturing,小型辅助推进器蓝图 II,小型辅助推进器 II,5,68.0,68.86805555555556,69.0,75000.00000000001,5950200.0,5961600.0,0,0
21,manufacturing,1,manufacturing,小型辅助推进器蓝图 II,小型辅助推进器 II,5,68.0,68.86805555555556,69.0,75000.00000000001,5950200.0,5961600.0,0,0
21,manufacturing,2,manufacturing,小型辅助推进器蓝图 II,小型辅助推进器 II,5,68.0,68.86805555555556,69.0,75000.00000000001,5950200.0,5961600.0,0,0
21,manufacturing,3,manufacturing,小型辅助推进器蓝图 II,小型辅助推进器 II,5,68.0,68.86805555555556,69.0,75000.00000000001,5950200.0,5961600.0,0,0
21,manufacturing,4,manufacturing,小型辅助推进器蓝图 II,小型辅助推进器 II,5,68.0,68.86805555555556,69.0,75000.00000000001,5950200.0,5961600.0,0,0
21,manufacturing,5,manufacturing,小型辅助推进器蓝图 II,小型辅助推进器 II,5,68.0,68.86805555555556,69.0,75000.00000000001,5950200.0,5961600.0,0,0
21,manufacturing,6,manufacturing,小型辅助推进器蓝图 II,小型辅助推进器 II,5,68.0,68.86805555555556,69.0,75000.00000000001,5950200.0,5961600.0,0,0
21,manufacturing,7,manufacturing,小型辅助推进器蓝图 II,小型辅助推进器 II,5,68.0,68.86805555555556,69.0,75000.00000000001,5950200.0,5961600.0,0,0
21,manufacturing,8,manufacturing,小型辅助推进器蓝图 II,小型辅助推进器 II,5,68.0,68.86805555555556,69.0,75000.00000000001,5950200.0,5961600.0,0,0
21,manufacturing,0,manufacturing,小型辅助推进器蓝图 II,小型辅助推进器 II,5,70.0,70.86805555555556,71.0,75000.00000000001,6123000.0,6134400.0,0,0
21,manufacturing,1,manufacturing,小型辅助推进器蓝图 II,小型辅助推进器 II,5,70.0,70.86805555555556,71.0,75000.00000000001,6123000.0,6134400.0,0,0
21,manufacturing,2,manufacturing,小型辅助推进器蓝图 II,小型辅助推进器 II,5,70.0,70.86805555555556,71.0,75000.00000000001,6123000.0,6134400.0,0,0
21,manufacturing,3,manufacturing,小型辅助推进器蓝图 II,小型辅助推进器 II,5,70.0,70.86805555555556,71.0,75000.00000000001,6123000.0,6134400.0,0,0
21,manufacturing,4,manufacturing,小型辅助推进器蓝图 II,小型辅助推进器 II,5,70.0,70.86805555555556,71.0,75000.00000000001,6123000.0,6134400.0,0,0
21,manufacturing,5,manufacturing,小型辅助推进器蓝图 II,小型辅助推进器 II,5,70.0,70.86805555555556,71.0,75000.00000000001,6123000.0,6134400.0,0,0
21,manufacturing,6,manufacturing,小型辅助推进器蓝图 II,小型辅助推进器 II,5,70.0,70.86805555555556,71.0,75000.00000000001,6123000.0,6134400.0,0,0
21,manufacturing,7,manufacturing,小型辅助推进器蓝图 II,小型辅助推进器 II,5,70.0,70.86805555555556,71.0,75000.00000000001,6123000.0,6134400.0,0,0
21,manufacturing,8,manufacturing,小型辅助推进器蓝图 II,小型辅助推进器 II,5,70.0,70.86805555555556,71.0,75000.00000000001,6123000.0,6134400.0,0,0
21,manufacturing,0,manufacturing,小型辅助推进器蓝图 II,小型辅助推进器 II,5,72.0,72.86805555555556,73.0,75000.00000000001,6295800.0,6307200.0,0,0
21,manufacturing,1,manufacturing,小型辅助推进器蓝图 II,小型辅助推进器 II,5,72.0,72.86805555555556,73.0,75000.00000000001,6295800.0,6307200.0,0,0
21,manufacturing,2,manufacturing,小型辅助推进器蓝图 II,小型辅助推进器 II,5,72.0,72.86805555555556,73.0,75000.00000000001,6295800.0,6307200.0,0,0
21,manufacturing,3,manufacturing,小型辅助推进器蓝图 II,小型辅助推进器 II,5,72.0,72.86805555555556,73.0,75000.00000000001,6295800.0,6307200.0,0,0
21,manufacturing,4,manufacturing,小型辅助推进器蓝图 II,小型辅助推进器 II,5,72.0,72.86805555555556,73.0,75000.00000000001,6295800.0,6307200.0,0,0
21,manufacturing,5,manufacturing,小型辅助推进器蓝图 II,小型辅助推进器 II,5,72.0,72.86805555555556,73.0,75000.00000000001,6295800.0,6307200.0,0,0
21,manufacturing,6,manufacturing,小型辅助推进器蓝图 II,小型辅助推进器 II,5,72.0,72.86805555555556,73.0,75000.00000000001,6295800.0,6307200.0,0,0
21,manufacturing,7,manufacturing,小型辅助推进器蓝图 II,小型辅助推进器 II,5,72.0,72.86805555555556,73.0,75000.00000000001,6295800.0,6307200.0,0,0
21,manufacturing,8,manufacturing,小型辅助推进器蓝图 II,小型辅助推进器 II,5,72.0,72.86805555555556,73.0,75000.00000000001,6295800.0,6307200.0,0,0
21,manufacturing,0,manufacturing,小型辅助推进器蓝图 II,小型辅助推进器 II,5,74.0,74.86805555555556,75.0,75000.00000000001,6468600.0,6480000.0,0,0
21,manufacturing,1,manufacturing,小型辅助推进器蓝图 II,小型辅助推进器 II,5,74.0,74.86805555555556,75.0,75000.00000000001,6468600.0,6480000.0,0,0
21,manufacturing,2,manufacturing,小型辅助推进器蓝图 II,小型辅助推进器 II,5,74.0,74.86805555555556,75.0,75000.00000000001,6468600.0,6480000.0,0,0
21,manufacturing,3,manufacturing,小型辅助推进器蓝图 II,小型辅助推进器 II,5,74.0,74.86805555555556,75.0,75000.00000000001,6468600.0,6480000.0,0,0
21,manufacturing,4,manufacturing,小型辅助推进器蓝图 II,小型辅助推进器 II,5,74.0,74.86805555555556,75.0,75000.00000000001,6468600.0,6480000.0,0,0
21,manufacturing,5,manufacturing,小型辅助推进器蓝图 II,小型辅助推进器 II,4,74.0,74.69444444444444,75.0,60000.00000000001,6453600.0,6480000.0,0,617254285.7142857
22,manufacturing,6,manufacturing,中型能量武器轨迹校准设备蓝图 II,中型能量武器轨迹校准设备 II,2,74.0,74.69444444444444,75.0,60000.00000000001,6453600.0,6480000.0,0,0
22,manufacturing,7,manufacturing,中型能量武器轨迹校准设备蓝图 II,中型能量武器轨迹校准设备 II,2,74.0,74.69444444444444,75.0,60000.00000000001,6453600.0,6480000.0,0,0
22,manufacturing,8,manufacturing,中型能量武器轨迹校准设备蓝图 II,中型能量武器轨迹校准设备 II,2,74.0,74.69444444444444,75.0,60000.00000000001,6453600.0,6480000.0,0,0
22,manufacturing,0,manufacturing,中型能量武器轨迹校准设备蓝图 II,中型能量武器轨迹校准设备 II,2,76.0,76.69444444444444,77.0,60000.00000000001,6626400.0,6652800.0,0,0
22,manufacturing,1,manufacturing,中型能量武器轨迹校准设备蓝图 II,中型能量武器轨迹校准设备 II,2,76.0,76.69444444444444,77.0,60000.00000000001,6626400.0,6652800.0,0,0
22,manufacturing,2,manufacturing,中型能量武器轨迹校准设备蓝图 II,中型能量武器轨迹校准设备 II,2,76.0,76.69444444444444,77.0,60000.00000000001,6626400.0,6652800.0,0,0
22,manufacturing,3,manufacturing,中型能量武器轨迹校准设备蓝图 II,中型能量武器轨迹校准设备 II,2,76.0,76.69444444444444,77.0,60000.00000000001,6626400.0,6652800.0,0,0
22,manufacturing,4,manufacturing,中型能量武器轨迹校准设备蓝图 II,中型能量武器轨迹校准设备 II,2,76.0,76.69444444444444,77.0,60000.00000000001,6626400.0,6652800.0,0,0
22,manufacturing,5,manufacturing,中型能量武器轨迹校准设备蓝图 II,中型能量武器轨迹校准设备 II,2,76.0,76.69444444444444,77.0,60000.00000000001,6626400.0,6652800.0,0,0
22,manufacturing,6,manufacturing,中型能量武器轨迹校准设备蓝图 II,中型能量武器轨迹校准设备 II,2,76.0,76.69444444444444,77.0,60000.00000000001,6626400.0,6652800.0,0,0
22,manufacturing,7,manufacturing,中型能量武器轨迹校准设备蓝图 II,中型能量武器轨迹校准设备 II,2,76.0,76.69444444444444,77.0,60000.00000000001,6626400.0,6652800.0,0,0
22,manufacturing,8,manufacturing,中型能量武器轨迹校准设备蓝图 II,中型能量武器轨迹校准设备 II,2,76.0,76.69444444444444,77.0,60000.00000000001,6626400.0,6652800.0,0,0
22,manufacturing,0,manufacturing,中型能量武器轨迹校准设备蓝图 II,中型能量武器轨迹校准设备 II,2,78.0,78.69444444444444,79.0,60000.00000000001,6799200.0,6825600.0,0,0
22,manufacturing,1,manufacturing,中型能量武器轨迹校准设备蓝图 II,中型能量武器轨迹校准设备 II,2,78.0,78.69444444444444,79.0,60000.00000000001,6799200.0,6825600.0,0,0
22,manufacturing,2,manufacturing,中型能量武器轨迹校准设备蓝图 II,中型能量武器轨迹校准设备 II,2,78.0,78.69444444444444,79.0,60000.00000000001,6799200.0,6825600.0,0,0
22,manufacturing,3,manufacturing,中型能量武器轨迹校准设备蓝图 II,中型能量武器轨迹校准设备 II,2,78.0,78.69444444444444,79.0,60000.00000000001,6799200.0,6825600.0,0,0
22,manufacturing,4,manufacturing,中型能量武器轨迹校准设备蓝图 II,中型能量武器轨迹校准设备 II,2,78.0,78.69444444444444,79.0,60000.00000000001,6799200.0,6825600.0,0,0
22,manufacturing,5,manufacturing,中型能量武器轨迹校准设备蓝图 II,中型能量武器轨迹校准设备 II,2,78.0,78.69444444444444,79.0,60000.00000000001,6799200.0,6825600.0,0,0
22,manufacturing,6,manufacturing,中型能量武器轨迹校准设备蓝图 II,中型能量武器轨迹校准设备 II,2,78.0,78.69444444444444,79.0,60000.00000000001,6799200.0,6825600.0,0,0
22,manufacturing,7,manufacturing,中型能量武器轨迹校准设备蓝图 II,中型能量武器轨迹校准设备 II,2,78.0,78.69444444444444,79.0,60000.00000000001,6799200.0,6825600.0,0,0
22,manufacturing,8,manufacturing,中型能量武器轨迹校准设备蓝图 II,中型能量武器轨迹校准设备 II,2,78.0,78.69444444444444,79.0,60000.00000000001,6799200.0,6825600.0,0,0
22,manufacturing,0,manufacturing,中型能量武器轨迹校准设备蓝图 II,中型能量武器轨迹校准设备 II,2,80.0,80.69444444444444,81.0,60000.00000000001,6972000.0,6998400.0,0,0
22,manufacturing,1,manufacturing,中型能量武器轨迹校准设备蓝图 II,中型能量武器轨迹校准设备 II,2,80.0,80.69444444444444,81.0,60000.00000000001,6972000.0,6998400.0,0,0
22,manufacturing,2,manufacturing,中型能量武器轨迹校准设备蓝图 II,中型能量武器轨迹校准设备 II,2,80.0,80.69444444444444,81.0,60000.00000000001,6972000.0,6998400.0,0,0
22,manufacturing,3,manufacturing,中型能量武器轨迹校准设备蓝图 II,中型能量武器轨迹校准设备 II,2,80.0,80.69444444444444,81.0,60000.00000000001,6972000.0,6998400.0,0,0
22,manufacturing,4,manufacturing,中型能量武器轨迹校准设备蓝图 II,中型能量武器轨迹校准设备 II,2,80.0,80.69444444444444,81.0,60000.00000000001,6972000.0,6998400.0,0,0
22,manufacturing,5,manufacturing,中型能量武器轨迹校准设备蓝图 II,中型能量武器轨迹校准设备 II,2,80.0,80.69444444444444,81.0,60000.00000000001,6972000.0,6998400.0,0,0
22,manufacturing,6,manufacturing,中型能量武器轨迹校准设备蓝图 II,中型能量武器轨迹校准设备 II,2,80.0,80.69444444444444,81.0,60000.00000000001,6972000.0,6998400.0,0,0
22,manufacturing,7,manufacturing,中型能量武器轨迹校准设备蓝图 II,中型能量武器轨迹校准设备 II,2,80.0,80.69444444444444,81.0,60000.00000000001,6972000.0,6998400.0,0,0
22,manufacturing,8,manufacturing,中型能量武器轨迹校准设备蓝图 II,中型能量武器轨迹校准设备 II,2,80.0,80.69444444444444,81.0,60000.00000000001,6972000.0,6998400.0,0,0
22,manufacturing,0,manufacturing,中型能量武器轨迹校准设备蓝图 II,中型能量武器轨迹校准设备 II,2,82.0,82.69444444444444,83.0,60000.00000000001,7144800.0,7171200.0,0,0
22,manufacturing,1,manufacturing,中型能量武器轨迹校准设备蓝图 II,中型能量武器轨迹校准设备 II,2,82.0,82.69444444444444,83.0,60000.00000000001,7144800.0,7171200.0,0,0
22,manufacturing,2,manufacturing,中型能量武器轨迹校准设备蓝图 II,中型能量武器轨迹校准设备 II,2,82.0,82.69444444444444,83.0,60000.00000000001,7144800.0,7171200.0,0,0
22,manufacturing,3,manufacturing,中型能量武器轨迹校准设备蓝图 II,中型能量武器轨迹校准设备 II,2,82.0,82.69444444444444,83.0,60000.00000000001,7144800.0,7171200.0,0,0
22,manufacturing,4,manufacturing,中型能量武器轨迹校准设备蓝图 II,中型能量武器轨迹校准设备 II,2,82.0,82.69444444444444,83.0,60000.00000000001,7144800.0,7171200.0,0,0
22,manufacturing,5,manufacturing,中型能量武器轨迹校准设备蓝图 II,中型能量武器轨迹校准设备 II,2,82.0,82.69444444444444,83.0,60000.00000000001,7144800.0,7171200.0,0,0
22,manufacturing,6,manufacturing,中型能量武器轨迹校准设备蓝图 II,中型能量武器轨迹校准设备 II,2,82.0,82.69444444444444,83.0,60000.00000000001,7144800.0,7171200.0,0,0
22,manufacturing,7,manufacturing,中型能量武器轨迹校准设备蓝图 II,中型能量武器轨迹校准设备 II,2,82.0,82.69444444444444,83.0,60000.00000000001,7144800.0,7171200.0,0,0
22,manufacturing,8,manufacturing,中型能量武器轨迹校准设备蓝图 II,中型能量武器轨迹校准设备 II,2,82.0,82.69444444444444,83.0,60000.00000000001,7144800.0,7171200.0,0,0
22,manufacturing,0,manufacturing,中型能量武器轨迹校准设备蓝图 II,中型能量武器轨迹校准设备 II,2,84.0,84.69444444444444,85.0,60000.00000000001,7317600.0,7344000.0,0,0
22,manufacturing,1,manufacturing,中型能量武器轨迹校准设备蓝图 II,中型能量武器轨迹校准设备 II,2,84.0,84.69444444444444,85.0,60000.00000000001,7317600.0,7344000.0,0,0
22,manufacturing,2,manufacturing,中型能量武器轨迹校准设备蓝图 II,中型能量武器轨迹校准设备 II,2,84.0,84.69444444444444,85.0,60000.00000000001,7317600.0,7344000.0,0,0
22,manufacturing,3,manufacturing,中型能量武器轨迹校准设备蓝图 II,中型能量武器轨迹校准设备 II,2,84.0,84.69444444444444,85.0,60000.00000000001,7317600.0,7344000.0,0,0
22,manufacturing,4,manufacturing,中型能量武器轨迹校准设备蓝图 II,中型能量武器轨迹校准设备 II,2,84.0,84.69444444444444,85.0,60000.00000000001,7317600.0,7344000.0,0,0
22,manufacturing,5,manufacturing,中型能量武器轨迹校准设备蓝图 II,中型能量武器轨迹校准设备 II,2,84.0,84.69444444444444,85.0,60000.00000000001,7317600.0,7344000.0,0,0
22,manufacturing,6,manufacturing,中型能量武器轨迹校准设备蓝图 II,中型能量武器轨迹校准设备 II,2,84.0,84.69444444444444,85.0,60000.00000000001,7317600.0,7344000.0,0,0
22,manufacturing,7,manufacturing,中型能量武器轨迹校准设备蓝图 II,中型能量武器轨迹校准设备 II,2,84.0,84.69444444444444,85.0,60000.00000000001,7317600.0,7344000.0,0,0
22,manufacturing,8,manufacturing,中型能量武器轨迹校准设备蓝图 II,中型能量武器轨迹校准设备 II,2,84.0,84.69444444444444,85.0,60000.00000000001,7317600.0,7344000.0,0,0
22,manufacturing,0,manufacturing,中型能量武器轨迹校准设备蓝图 II,中型能量武器轨迹校准设备 II,2,86.0,86.69444444444444,87.0,60000.00000000001,7490399.999999999,7516800.0,0,0
22,manufacturing,1,manufacturing,中型能量武器轨迹校准设备蓝图 II,中型能量武器轨迹校准设备 II,2,86.0,86.69444444444444,87.0,60000.00000000001,7490399.999999999,7516800.0,0,0
22,manufacturing,2,manufacturing,中型能量武器轨迹校准设备蓝图 II,中型能量武器轨迹校准设备 II,2,86.0,86.69444444444444,87.0,60000.00000000001,7490399.999999999,7516800.0,0,0
22,manufacturing,3,manufacturing,中型能量武器轨迹校准设备蓝图 II,中型能量武器轨迹校准设备 II,2,86.0,86.69444444444444,87.0,60000.00000000001,7490399.999999999,7516800.0,0,0
22,manufacturing,4,manufacturing,中型能量武器轨迹校准设备蓝图 II,中型能量武器轨迹校准设备 II,2,86.0,86.69444444444444,87.0,60000.00000000001,7490399.999999999,7516800.0,0,0
22,manufacturing,5,manufacturing,中型能量武器轨迹校准设备蓝图 II,中型能量武器轨迹校准设备 II,2,86.0,86.69444444444444,87.0,60000.00000000001,7490399.999999999,7516800.0,0,0
22,manufacturing,6,manufacturing,中型能量武器轨迹校准设备蓝图 II,中型能量武器轨迹校准设备 II,2,86.0,86.69444444444444,87.0,60000.00000000001,7490399.999999999,7516800.0,0,0
22,manufacturing,7,manufacturing,中型能量武器轨迹校准设备蓝图 II,中型能量武器轨迹校准设备 II,2,86.0,86.69444444444444,87.0,60000.00000000001,7490399.999999999,7516800.0,0,0
22,manufacturing,8,manufacturing,中型能量武器轨迹校准设备蓝图 II,中型能量武器轨迹校准设备 II,2,86.0,86.69444444444444,87.0,60000.00000000001,7490399.999999999,7516800.0,0,0
22,manufacturing,0,manufacturing,中型能量武器轨迹校准设备蓝图 II,中型能量武器轨迹校准设备 II,2,88.0,88.69444444444444,89.0,60000.00000000001,7663199.999999999,7689600.0,0,0
22,manufacturing,1,manufacturing,中型能量武器轨迹校准设备蓝图 II,中型能量武器轨迹校准设备 II,2,88.0,88.69444444444444,89.0,60000.00000000001,7663199.999999999,7689600.0,0,0
22,manufacturing,2,manufacturing,中型能量武器轨迹校准设备蓝图 II,中型能量武器轨迹校准设备 II,2,88.0,88.69444444444444,89.0,60000.00000000001,7663199.999999999,7689600.0,0,0
22,manufacturing,3,manufacturing,中型能量武器轨迹校准设备蓝图 II,中型能量武器轨迹校准设备 II,2,88.0,88.69444444444444,89.0,60000.00000000001,7663199.999999999,7689600.0,0,0
22,manufacturing,4,manufacturing,中型能量武器轨迹校准设备蓝图 II,中型能量武器轨迹校准设备 II,2,88.0,88.69444444444444,89.0,60000.00000000001,7663199.999999999,7689600.0,0,0
22,manufacturing,5,manufacturing,中型能量武器轨迹校准设备蓝图 II,中型能量武器轨迹校准设备 II,2,88.0,88.69444444444444,89.0,60000.00000000001,7663199.999999999,7689600.0,0,0
22,manufacturing,6,manufacturing,中型能量武器轨迹校准设备蓝图 II,中型能量武器轨迹校准设备 II,2,88.0,88.69444444444444,89.0,60000.00000000001,7663199.999999999,7689600.0,0,0
22,manufacturing,7,manufacturing,中型能量武器轨迹校准设备蓝图 II,中型能量武器轨迹校准设备 II,2,88.0,88.69444444444444,89.0,60000.00000000001,7663199.999999999,7689600.0,0,0
22,manufacturing,8,manufacturing,中型能量武器轨迹校准设备蓝图 II,中型能量武器轨迹校准设备 II,2,88.0,88.69444444444444,89.0,60000.00000000001,7663199.999999999,7689600.0,0,0
22,manufacturing,0,manufacturing,中型能量武器轨迹校准设备蓝图 II,中型能量武器轨迹校准设备 II,2,90.0,90.69444444444444,91.0,60000.00000000001,7835999.999999999,7862400.0,0,0
22,manufacturing,1,manufacturing,中型能量武器轨迹校准设备蓝图 II,中型能量武器轨迹校准设备 II,2,90.0,90.69444444444444,91.0,60000.00000000001,7835999.999999999,7862400.0,0,0
22,manufacturing,2,manufacturing,中型能量武器轨迹校准设备蓝图 II,中型能量武器轨迹校准设备 II,2,90.0,90.69444444444444,91.0,60000.00000000001,7835999.999999999,7862400.0,0,0
22,manufacturing,3,manufacturing,中型能量武器轨迹校准设备蓝图 II,中型能量武器轨迹校准设备 II,2,90.0,90.69444444444444,91.0,60000.00000000001,7835999.999999999,7862400.0,0,0
22,manufacturing,4,manufacturing,中型能量武器轨迹校准设备蓝图 II,中型能量武器轨迹校准设备 II,2,90.0,90.69444444444444,91.0,60000.00000000001,7835999.999999999,7862400.0,0,0
22,manufacturing,5,manufacturing,中型能量武器轨迹校准设备蓝图 II,中型能量武器轨迹校准设备 II,2,90.0,90.69444444444444,91.0,60000.00000000001,7835999.999999999,7862400.0,0,0
22,manufacturing,6,manufacturing,中型能量武器轨迹校准设备蓝图 II,中型能量武器轨迹校准设备 II,2,90.0,90.69444444444444,91.0,60000.00000000001,7835999.999999999,7862400.0,0,0
22,manufacturing,7,manufacturing,中型能量武器轨迹校准设备蓝图 II,中型能量武器轨迹校准设备 II,2,90.0,90.69444444444444,91.0,60000.00000000001,7835999.999999999,7862400.0,0,0
22,manufacturing,8,manufacturing,中型能量武器轨迹校准设备蓝图 II,中型能量武器轨迹校准设备 II,2,90.0,90.69444444444444,91.0,60000.00000000001,7835999.999999999,7862400.0,0,0
22,manufacturing,0,manufacturing,中型能量武器轨迹校准设备蓝图 II,中型能量武器轨迹校准设备 II,2,92.0,92.69444444444444,93.0,60000.00000000001,8008799.999999999,8035200.0,0,0
22,manufacturing,1,manufacturing,中型能量武器轨迹校准设备蓝图 II,中型能量武器轨迹校准设备 II,2,92.0,92.69444444444444,93.0,60000.00000000001,8008799.999999999,8035200.0,0,0
22,manufacturing,2,manufacturing,中型能量武器轨迹校准设备蓝图 II,中型能量武器轨迹校准设备 II,2,92.0,92.69444444444444,93.0,60000.00000000001,8008799.999999999,8035200.0,0,0
22,manufacturing,3,manufacturing,中型能量武器轨迹校准设备蓝图 II,中型能量武器轨迹校准设备 II,2,92.0,92.69444444444444,93.0,60000.00000000001,8008799.999999999,8035200.0,0,0
22,manufacturing,4,manufacturing,中型能量武器轨迹校准设备蓝图 II,中型能量武器轨迹校准设备 II,2,92.0,92.69444444444444,93.0,60000.00000000001,8008799.999999999,8035200.0,0,0
22,manufacturing,5,manufacturing,中型能量武器轨迹校准设备蓝图 II,中型能量武器轨迹校准设备 II,2,92.0,92.69444444444444,93.0,60000.00000000001,8008799.999999999,8035200.0,0,0
22,manufacturing,6,manufacturing,中型能量武器轨迹校准设备蓝图 II,中型能量武器轨迹校准设备 II,2,92.0,92.69444444444444,93.0,60000.00000000001,8008799.999999999,8035200.0,0,0
22,manufacturing,7,manufacturing,中型能量武器轨迹校准设备蓝图 II,中型能量武器轨迹校准设备 II,2,92.0,92.69444444444444,93.0,60000.00000000001,8008799.999999999,8035200.0,0,0
22,manufacturing,8,manufacturing,中型能量武器轨迹校准设备蓝图 II,中型能量武器轨迹校准设备 II,2,92.0,92.69444444444444,93.0,60000.00000000001,8008799.999999999,8035200.0,0,0
22,manufacturing,0,manufacturing,中型能量武器轨迹校准设备蓝图 II,中型能量武器轨迹校准设备 II,1,94.0,94.34722222222223,95.0,30000.000000000004,8151600.000000001,8208000.0,0,286599857.14285713
29,manufacturing,1,manufacturing,小型能量武器冲击加速器蓝图 II,小型能量武器冲击加速器 II,5,94.0,94.86805555555556,95.0,75000.00000000001,8196600.000000001,8208000.0,0,0
29,manufacturing,2,manufacturing,小型能量武器冲击加速器蓝图 II,小型能量武器冲击加速器 II,5,94.0,94.86805555555556,95.0,75000.00000000001,8196600.000000001,8208000.0,0,0
29,manufacturing,3,manufacturing,小型能量武器冲击加速器蓝图 II,小型能量武器冲击加速器 II,5,94.0,94.86805555555556,95.0,75000.00000000001,8196600.000000001,8208000.0,0,0
29,manufacturing,4,manufacturing,小型能量武器冲击加速器蓝图 II,小型能量武器冲击加速器 II,5,94.0,94.86805555555556,95.0,75000.00000000001,8196600.000000001,8208000.0,0,0
29,manufacturing,5,manufacturing,小型能量武器冲击加速器蓝图 II,小型能量武器冲击加速器 II,5,94.0,94.86805555555556,95.0,75000.00000000001,8196600.000000001,8208000.0,0,0
29,manufacturing,6,manufacturing,小型能量武器冲击加速器蓝图 II,小型能量武器冲击加速器 II,5,94.0,94.86805555555556,95.0,75000.00000000001,8196600.000000001,8208000.0,0,0
29,manufacturing,7,manufacturing,小型能量武器冲击加速器蓝图 II,小型能量武器冲击加速器 II,5,94.0,94.86805555555556,95.0,75000.00000000001,8196600.000000001,8208000.0,0,0
29,manufacturing,8,manufacturing,小型能量武器冲击加速器蓝图 II,小型能量武器冲击加速器 II,5,94.0,94.86805555555556,95.0,75000.00000000001,8196600.000000001,8208000.0,0,0
29,manufacturing,0,manufacturing,小型能量武器冲击加速器蓝图 II,小型能量武器冲击加速器 II,5,96.0,96.86805555555556,97.0,75000.00000000001,8369400.000000001,8380800.0,0,0
29,manufacturing,1,manufacturing,小型能量武器冲击加速器蓝图 II,小型能量武器冲击加速器 II,5,96.0,96.86805555555556,97.0,75000.00000000001,8369400.000000001,8380800.0,0,0
29,manufacturing,2,manufacturing,小型能量武器冲击加速器蓝图 II,小型能量武器冲击加速器 II,5,96.0,96.86805555555556,97.0,75000.00000000001,8369400.000000001,8380800.0,0,0
29,manufacturing,3,manufacturing,小型能量武器冲击加速器蓝图 II,小型能量武器冲击加速器 II,5,96.0,96.86805555555556,97.0,75000.00000000001,8369400.000000001,8380800.0,0,0
29,manufacturing,4,manufacturing,小型能量武器冲击加速器蓝图 II,小型能量武器冲击加速器 II,5,96.0,96.86805555555556,97.0,75000.00000000001,8369400.000000001,8380800.0,0,0
29,manufacturing,5,manufacturing,小型能量武器冲击加速器蓝图 II,小型能量武器冲击加速器 II,5,96.0,96.86805555555556,97.0,75000.00000000001,8369400.000000001,8380800.0,0,0
29,manufacturing,6,manufacturing,小型能量武器冲击加速器蓝图 II,小型能量武器冲击加速器 II,5,96.0,96.86805555555556,97.0,75000.00000000001,8369400.000000001,8380800.0,0,0
29,manufacturing,7,manufacturing,小型能量武器冲击加速器蓝图 II,小型能量武器冲击加速器 II,5,96.0,96.86805555555556,97.0,75000.00000000001,8369400.000000001,8380800.0,0,0
29,manufacturing,8,manufacturing,小型能量武器冲击加速器蓝图 II,小型能量武器冲击加速器 II,5,96.0,96.86805555555556,97.0,75000.00000000001,8369400.000000001,8380800.0,0,0
29,manufacturing,0,manufacturing,小型能量武器冲击加速器蓝图 II,小型能量武器冲击加速器 II,5,98.0,98.86805555555556,99.0,75000.00000000001,8542200.0,8553600.0,0,0
29,manufacturing,1,manufacturing,小型能量武器冲击加速器蓝图 II,小型能量武器冲击加速器 II,5,98.0,98.86805555555556,99.0,75000.00000000001,8542200.0,8553600.0,0,0
29,manufacturing,2,manufacturing,小型能量武器冲击加速器蓝图 II,小型能量武器冲击加速器 II,5,98.0,98.86805555555556,99.0,75000.00000000001,8542200.0,8553600.0,0,0
29,manufacturing,3,manufacturing,小型能量武器冲击加速器蓝图 II,小型能量武器冲击加速器 II,5,98.0,98.86805555555556,99.0,75000.00000000001,8542200.0,8553600.0,0,0
29,manufacturing,4,manufacturing,小型能量武器冲击加速器蓝图 II,小型能量武器冲击加速器 II,1,98.0,98.1736111111111,99.0,15000.000000000002,8482200.0,8553600.0,0,121437454.54545453
30,manufacturing,5,manufacturing,小型热能护盾强化装置蓝图 II,小型热能护盾强化装置 II,5,98.0,98.86805555555556,99.0,75000.00000000001,8542200.0,8553600.0,0,0
30,manufacturing,6,manufacturing,小型热能护盾强化装置蓝图 II,小型热能护盾强化装置 II,5,98.0,98.86805555555556,99.0,75000.00000000001,8542200.0,8553600.0,0,0
30,manufacturing,7,manufacturing,小型热能护盾强化装置蓝图 II,小型热能护盾强化装置 II,5,98.0,98.86805555555556,99.0,75000.00000000001,8542200.0,8553600.0,0,0
30,manufacturing,8,manufacturing,小型热能护盾强化装置蓝图 II,小型热能护盾强化装置 II,5,98.0,98.86805555555556,99.0,75000.00000000001,8542200.0,8553600.0,0,0
30,manufacturing,0,manufacturing,小型热能护盾强化装置蓝图 II,小型热能护盾强化装置 II,5,100.0,100.86805555555556,101.0,75000.00000000001,8715000.0,8726400.0,0,0
30,manufacturing,1,manufacturing,小型热能护盾强化装置蓝图 II,小型热能护盾强化装置 II,5,100.0,100.86805555555556,101.0,75000.00000000001,8715000.0,8726400.0,0,0
30,manufacturing,2,manufacturing,小型热能护盾强化装置蓝图 II,小型热能护盾强化装置 II,5,100.0,100.86805555555556,101.0,75000.00000000001,8715000.0,8726400.0,0,0
30,manufacturing,3,manufacturing,小型热能护盾强化装置蓝图 II,小型热能护盾强化装置 II,5,100.0,100.86805555555556,101.0,75000.00000000001,8715000.0,8726400.0,0,0
30,manufacturing,4,manufacturing,小型热能护盾强化装置蓝图 II,小型热能护盾强化装置 II,5,100.0,100.86805555555556,101.0,75000.00000000001,8715000.0,8726400.0,0,0
30,manufacturing,5,manufacturing,小型热能护盾强化装置蓝图 II,小型热能护盾强化装置 II,5,100.0,100.86805555555556,101.0,75000.00000000001,8715000.0,8726400.0,0,0
30,manufacturing,6,manufacturing,小型热能护盾强化装置蓝图 II,小型热能护盾强化装置 II,5,100.0,100.86805555555556,101.0,75000.00000000001,8715000.0,8726400.0,0,0
30,manufacturing,7,manufacturing,小型热能护盾强化装置蓝图 II,小型热能护盾强化装置 II,5,100.0,100.86805555555556,101.0,75000.00000000001,8715000.0,8726400.0,0,0
30,manufacturing,8,manufacturing,小型热能护盾强化装置蓝图 II,小型热能护盾强化装置 II,5,100.0,100.86805555555556,101.0,75000.00000000001,8715000.0,8726400.0,0,0
30,manufacturing,0,manufacturing,小型热能护盾强化装置蓝图 II,小型热能护盾强化装置 II,5,102.0,102.86805555555556,103.0,75000.00000000001,8887800.0,8899200.0,0,0
30,manufacturing,1,manufacturing,小型热能护盾强化装置蓝图 II,小型热能护盾强化装置 II,5,102.0,102.86805555555556,103.0,75000.00000000001,8887800.0,8899200.0,0,0
30,manufacturing,2,manufacturing,小型热能护盾强化装置蓝图 II,小型热能护盾强化装置 II,5,102.0,102.86805555555556,103.0,75000.00000000001,8887800.0,8899200.0,0,0
30,manufacturing,3,manufacturing,小型热能护盾强化装置蓝图 II,小型热能护盾强化装置 II,5,102.0,102.86805555555556,103.0,75000.00000000001,8887800.0,8899200.0,0,0
30,manufacturing,4,manufacturing,小型热能护盾强化装置蓝图 II,小型热能护盾强化装置 II,5,102.0,102.86805555555556,103.0,75000.00000000001,8887800.0,8899200.0,0,157635000.0
32,manufacturing,5,manufacturing,小型核心防御力场稳固装置蓝图 II,小型核心防御力场稳固装置 II,5,102.0,102.86805555555556,103.0,75000.00000000001,8887800.0,8899200.0,0,0
32,manufacturing,6,manufacturing,小型核心防御力场稳固装置蓝图 II,小型核心防御力场稳固装置 II,5,102.0,102.86805555555556,103.0,75000.00000000001,8887800.0,8899200.0,0,0
32,manufacturing,7,manufacturing,小型核心防御力场稳固装置蓝图 II,小型核心防御力场稳固装置 II,5,102.0,102.86805555555556,103.0,75000.00000000001,8887800.0,8899200.0,0,0
32,manufacturing,8,manufacturing,小型核心防御力场稳固装置蓝图 II,小型核心防御力场稳固装置 II,5,102.0,102.86805555555556,103.0,75000.00000000001,8887800.0,8899200.0,0,0
32,manufacturing,0,manufacturing,小型核心防御力场稳固装置蓝图 II,小型核心防御力场稳固装置 II,5,104.0,104.86805555555556,105.0,75000.00000000001,9060600.0,9072000.0,0,0
32,manufacturing,1,manufacturing,小型核心防御力场稳固装置蓝图 II,小型核心防御力场稳固装置 II,5,104.0,104.86805555555556,105.0,75000.00000000001,9060600.0,9072000.0,0,0
32,manufacturing,2,manufacturing,小型核心防御力场稳固装置蓝图 II,小型核心防御力场稳固装置 II,5,104.0,104.86805555555556,105.0,75000.00000000001,9060600.0,9072000.0,0,0
32,manufacturing,3,manufacturing,小型核心防御力场稳固装置蓝图 II,小型核心防御力场稳固装置 II,5,104.0,104.86805555555556,105.0,75000.00000000001,9060600.0,9072000.0,0,0
32,manufacturing,4,manufacturing,小型核心防御力场稳固装置蓝图 II,小型核心防御力场稳固装置 II,5,104.0,104.86805555555556,105.0,75000.00000000001,9060600.0,9072000.0,0,0
32,manufacturing,5,manufacturing,小型核心防御力场稳固装置蓝图 II,小型核心防御力场稳固装置 II,5,104.0,104.86805555555556,105.0,75000.00000000001,9060600.0,9072000.0,0,0
32,manufacturing,6,manufacturing,小型核心防御力场稳固装置蓝图 II,小型核心防御力场稳固装置 II,5,104.0,104.86805555555556,105.0,75000.00000000001,9060600.0,9072000.0,0,0
32,manufacturing,7,manufacturing,小型核心防御力场稳固装置蓝图 II,小型核心防御力场稳固装置 II,5,104.0,104.86805555555556,105.0,75000.00000000001,9060600.0,9072000.0,0,0
32,manufacturing,8,manufacturing,小型核心防御力场稳固装置蓝图 II,小型核心防御力场稳固装置 II,1,104.0,104.1736111111111,105.0,15000.000000000002,9000600.0,9072000.0,0,319457000.0
33,manufacturing,0,manufacturing,中型远程维修增效器蓝图 I,中型远程维修增效器 I,28,106.0,106.97222222222223,107.0,84000.00000000001,9242400.0,9244800.0,0,0
33,manufacturing,1,manufacturing,中型远程维修增效器蓝图 I,中型远程维修增效器 I,28,106.0,106.97222222222223,107.0,84000.00000000001,9242400.0,9244800.0,0,0
33,manufacturing,2,manufacturing,中型远程维修增效器蓝图 I,中型远程维修增效器 I,5,106.0,106.1736111111111,107.0,15000.000000000002,9173400.0,9244800.0,0,70822525.0
34,manufacturing,3,manufacturing,小型远程装甲维修器蓝图 I,小型远程装甲维修器 I,53,106.0,106.55208333333333,107.0,47700.0,9206100.0,9244800.0,0,154192.14285714284
39,manufacturing,4,manufacturing,大型热能装甲强化装置蓝图 I,大型热能装甲强化装置 I,13,106.0,106.67708333333333,107.0,58500.0,9216900.0,9244800.0,0,74098500.0
40,manufacturing,5,manufacturing,小型电磁装甲强化装置蓝图 II,小型电磁装甲强化装置 II,5,106.0,106.86805555555556,107.0,75000.00000000001,9233400.0,9244800.0,0,0
40,manufacturing,6,manufacturing,小型电磁装甲强化装置蓝图 II,小型电磁装甲强化装置 II,4,106.0,106.69444444444444,107.0,60000.00000000001,9218400.0,9244800.0,0,54138681.81818182
35,manufacturing,0,manufacturing,小型远程装甲维修器蓝图 II,小型远程装甲维修器 II,36,108.0,108.97500000000001,109.0,84240.00000000001,9415440.0,9417600.0,0,0
35,manufacturing,1,manufacturing,小型远程装甲维修器蓝图 II,小型远程装甲维修器 II,22,108.0,108.59583333333335,109.0,51480.0,9382680.0,9417600.0,0,90598636.36363636
